event_id,event_title,event_sub_title,platform
KXWTAMATCH-26MAR29KALURH,kalieva vs urhobo,kalieva vs urhobo mar 29,kalshi
KXWTAMATCH-26MAR29KUDVED,kudermetova vs vedder,kudermetova vs vedder mar 29,kalshi
KXWTAMATCH-26MAR29VEKGOR,vekic vs gorgodze,vekic vs gorgodze mar 29,kalshi
KXWTAMATCH-26MAR29AKLTOM,akli vs tomova,akli vs tomova mar 29,kalshi
KXCODGAME-26MAR29LATTOR,los angeles thieves vs toronto koi,los angeles thieves vs toronto koi mar 29,kalshi
KXNBA2HWINNER-26MAR29BOSCHA,boston vs charlotte second half winner,bos vs cha mar 29,kalshi
KXNBA1HWINNER-26MAR29BOSCHA,boston vs charlotte first half winner,bos vs cha mar 29,kalshi
KXMLBHRR-26MAR281915NYYSF,new york y vs san francisco hits runs rbis,nyy vs sf mar 28,kalshi
KXATPCHALLENGERMATCH-26MAR29DEMVRB,demin vs vrbensky,demin vs vrbensky mar 29,kalshi
KXATPCHALLENGERMATCH-26MAR29DONVAN,donski vs vanshelboim,donski vs vanshelboim mar 29,kalshi
KXATPCHALLENGERMATCH-26MAR29CREFOR,cretu vs forti,cretu vs forti mar 29,kalshi
KXATPCHALLENGERMATCH-26MAR29PAPALB,papagno vs albot,papagno vs albot mar 29,kalshi
KXATPCHALLENGERMATCH-26MAR29MARALM,martinez vs almazan valiente,martinez vs almazan valiente mar 29,kalshi
KXATPCHALLENGERMATCH-26MAR29VASCAR,vasami vs carboni,vasami vs carboni mar 29,kalshi
KXNHLFIRSTGOAL-26MAR28UTALA,uta mammoth at la kings first goal,uta vs la mar 28,kalshi
KXNHLPTS-26MAR28UTALA,uta mammoth at la kings points,uta at la mar 28,kalshi
KXNHLAST-26MAR28UTALA,uta mammoth at la kings assists,uta at la mar 28,kalshi
KXNHLGOAL-26MAR28UTALA,uta mammoth at la kings player goals,uta vs la mar 28,kalshi
KXNCAABBGAME-26MAR282200NWIWAH,northwestern vs washington,nwi vs wah mar 28,kalshi
KXMLBTB-26MAR281915NYYSF,new york y vs san francisco total bases,nyy vs sf mar 28,kalshi
KXMLBHIT-26MAR281915NYYSF,new york y vs san francisco hits,nyy vs sf mar 28,kalshi
KXMLBHR-26MAR281915NYYSF,new york y vs san francisco home runs,nyy vs sf mar 28,kalshi
KXATPSETWINNER-26MAR29GOMTAB-2,federico agustin gomez vs clement tabur set 2 winner,federico agustin gomez vs clement tabur set 2 mar 29,kalshi
KXATPSETWINNER-26MAR29GOMTAB-1,federico agustin gomez vs clement tabur set 1 winner,federico agustin gomez vs clement tabur set 1 mar 29,kalshi
KXMLBHRR-26MAR281915KCATL,kansas city vs atlanta hits runs rbis,kc vs atl mar 28,kalshi
KXATPMATCH-26MAR29GOMTAB,gomez vs tabur,gomez vs tabur mar 29,kalshi
KXMLBTB-26MAR281915KCATL,kansas city vs atlanta total bases,kc vs atl mar 28,kalshi
KXMLBHIT-26MAR281915KCATL,kansas city vs atlanta hits,kc vs atl mar 28,kalshi
KXMLBHR-26MAR281915KCATL,kansas city vs atlanta home runs,kc vs atl mar 28,kalshi
KXNCAABBGAME-26MAR282130WVARS,west virginia vs arizona state,wv vs ars mar 28,kalshi
KXMLBKS-26MAR281605TEXPHI,texas vs philadelphia strikeouts,tex vs phi mar 28,kalshi
KXNCAABBGAME-26MAR282105SANUNL,san jose state vs unlv,san vs unl mar 28,kalshi
KXNCAABBGAME-26MAR282105UCIALBS,uc irvine vs long beach st,ucia vs lbs mar 28,kalshi
KXMLBHRR-26MAR281910LAAHOU,los angeles a vs houston hits runs rbis,laa vs hou mar 28,kalshi
KXMLBTB-26MAR281910LAAHOU,los angeles a vs houston total bases,laa vs hou mar 28,kalshi
KXMLBHIT-26MAR281910LAAHOU,los angeles a vs houston hits,laa vs hou mar 28,kalshi
KXMLBHR-26MAR281910LAAHOU,los angeles a vs houston home runs,laa vs hou mar 28,kalshi
KXNCAABBGAME-26MAR282100UCSDDAV,uc san diego vs uc davis,ucsd vs dav mar 28,kalshi
KXNHLFIRSTGOAL-26MAR28PHIDET,phi flyers at det red wings first goal,phi vs det mar 28,kalshi
KXNBATOTAL-26MAR29ORLTOR,orlando at toronto total points,orl at tor mar 29,kalshi
KXNHLPTS-26MAR28PHIDET,phi flyers at det red wings points,phi at det mar 28,kalshi
KXNBATOTAL-26MAR29MIAIND,miami at indiana total points,mia at ind mar 29,kalshi
KXNBASPREAD-26MAR29ORLTOR,orlando at toronto spread,orl at tor mar 29,kalshi
KXNHLAST-26MAR28PHIDET,phi flyers at det red wings assists,phi at det mar 28,kalshi
KXNBASPREAD-26MAR29MIAIND,miami at indiana spread,mia at ind mar 29,kalshi
KXNHLGOAL-26MAR28PHIDET,phi flyers at det red wings player goals,phi vs det mar 28,kalshi
KXNBAMENTION-26MAR30CHISAS,announcers at chicago vs san antonio professional basketball game,chicago vs san antonio professional basketball game,kalshi
KXNBAMENTION-26MAR30DETOKC,announcers at detroit vs oklahoma city professional basketball game,detroit vs oklahoma city professional basketball game,kalshi
KXNCAAWBTOTAL-26MAR29DUKEUCLA,duke at ucla total points,duke at ucla mar 29,kalshi
KXNCAAWBSPREAD-26MAR28UVATCU,virginia at tcu spread,uva vs tcu mar 28,kalshi
KXATPSETWINNER-26MAR29PINBLA-2,jack pinnington jones vs darwin blanch set 2 winner,jack pinnington jones vs darwin blanch set 2 mar 29,kalshi
KXATPSETWINNER-26MAR29PINBLA-1,jack pinnington jones vs darwin blanch set 1 winner,jack pinnington jones vs darwin blanch set 1 mar 29,kalshi
KXTEMPNYCH-26MAR2817,nyc temperature on mar 28 2026 at 5pm edt,on mar 28 2026 at 5pm edt,kalshi
KXATPMATCH-26MAR29PINBLA,pinnington jones vs blanch,pinnington jones vs blanch mar 29,kalshi
KXATPSETWINNER-26MAR29IVABUD-2,ilya ivashka vs nicolai budkov kjaer set 2 winner,ilya ivashka vs nicolai budkov kjaer set 2 mar 29,kalshi
KXATPSETWINNER-26MAR29IVABUD-1,ilya ivashka vs nicolai budkov kjaer set 1 winner,ilya ivashka vs nicolai budkov kjaer set 1 mar 29,kalshi
KXATPSETWINNER-26MAR29ROCJOR-2,henrique rocha vs david jorda sanchis set 2 winner,henrique rocha vs david jorda sanchis set 2 mar 29,kalshi
KXATPSETWINNER-26MAR29TRUBAR-2,marco trungelliti vs hynek barton set 2 winner,marco trungelliti vs hynek barton set 2 mar 29,kalshi
KXATPSETWINNER-26MAR29ROCJOR-1,henrique rocha vs david jorda sanchis set 1 winner,henrique rocha vs david jorda sanchis set 1 mar 29,kalshi
KXATPSETWINNER-26MAR29TRUBAR-1,marco trungelliti vs hynek barton set 1 winner,marco trungelliti vs hynek barton set 1 mar 29,kalshi
KXATPSETWINNER-26MAR29LALECH-2,younes lalami laaroussi vs moez echargui set 2 winner,younes lalami laaroussi vs moez echargui set 2 mar 29,kalshi
KXATPSETWINNER-26MAR29HERHAR-2,pierre hugues herbert vs lloyd harris set 2 winner,pierre hugues herbert vs lloyd harris set 2 mar 29,kalshi
KXATPSETWINNER-26MAR29LALECH-1,younes lalami laaroussi vs moez echargui set 1 winner,younes lalami laaroussi vs moez echargui set 1 mar 29,kalshi
KXATPSETWINNER-26MAR29HERHAR-1,pierre hugues herbert vs lloyd harris set 1 winner,pierre hugues herbert vs lloyd harris set 1 mar 29,kalshi
KXATPSETWINNER-26MAR29LAJGRE-2,dusan lajovic vs hugo grenier set 2 winner,dusan lajovic vs hugo grenier set 2 mar 29,kalshi
KXATPSETWINNER-26MAR29JAMSAK-2,amine jamji vs rei sakamoto set 2 winner,amine jamji vs rei sakamoto set 2 mar 29,kalshi
KXATPSETWINNER-26MAR29LAJGRE-1,dusan lajovic vs hugo grenier set 1 winner,dusan lajovic vs hugo grenier set 1 mar 29,kalshi
KXATPSETWINNER-26MAR29JAMSAK-1,amine jamji vs rei sakamoto set 1 winner,amine jamji vs rei sakamoto set 1 mar 29,kalshi
KXATPSETWINNER-26MAR29PELSKA-2,andrea pellegrino vs timofey skatov set 2 winner,andrea pellegrino vs timofey skatov set 2 mar 29,kalshi
KXATPSETWINNER-26MAR29PELSKA-1,andrea pellegrino vs timofey skatov set 1 winner,andrea pellegrino vs timofey skatov set 1 mar 29,kalshi
KXNCAABBGAME-26MAR282000AUTACT,auburn vs alabama,aut vs act mar 28,kalshi
KXATPMATCH-26MAR29JAMSAK,jamji vs sakamoto,jamji vs sakamoto mar 29,kalshi
KXATPMATCH-26MAR29LALECH,lalami laaroussi vs echargui,lalami laaroussi vs echargui mar 29,kalshi
KXATPMATCH-26MAR29HERHAR,herbert vs harris,herbert vs harris mar 29,kalshi
KXATPMATCH-26MAR29ROCJOR,rocha vs jorda sanchis,rocha vs jorda sanchis mar 29,kalshi
KXATPMATCH-26MAR29LAJGRE,lajovic vs grenier,lajovic vs grenier mar 29,kalshi
KXATPMATCH-26MAR29PELSKA,pellegrino vs skatov,pellegrino vs skatov mar 29,kalshi
KXATPMATCH-26MAR29IVABUD,ivashka vs budkov kjaer,ivashka vs budkov kjaer mar 29,kalshi
KXATPMATCH-26MAR29TRUBAR,trungelliti vs barton,trungelliti vs barton mar 29,kalshi
KXMN2D-26,mn 02 democratic nominee,in 2026,kalshi
KXCS2MAP-26MAR29YNGAKA-2,esl challenger league europe cup 3 2026 yngods vs aka hero kajo map 2,map 2 yng vs aka mar 29,kalshi
KXCS2MAP-26MAR29YNGAKA-1,esl challenger league europe cup 3 2026 yngods vs aka hero kajo map 1,map 1 yng vs aka mar 29,kalshi
KXCS2TOTALMAPS-26MAR29YNGAKA,esl challenger league europe cup 3 2026 yngods vs aka hero kajo total maps,total maps yng vs aka mar 29,kalshi
KXCS2GAME-26MAR29YNGAKA,yngods vs aka hero kajo,yngods vs aka hero kajo mar 29,kalshi
KXBERNIEMENTION-26MAR28,what will bernie sanders say during his no kings rally,bernie sanders no kings rally on march 28th,kalshi
KXMLBHRR-26MAR281605MINBAL,minnesota vs baltimore hits runs rbis,min vs bal mar 28,kalshi
KXMLBTB-26MAR281605MINBAL,minnesota vs baltimore total bases,min vs bal mar 28,kalshi
KXMLBHIT-26MAR281605MINBAL,minnesota vs baltimore hits,min vs bal mar 28,kalshi
KXMLBHR-26MAR281605MINBAL,minnesota vs baltimore home runs,min vs bal mar 28,kalshi
KXNLGAME-26MAR311400GENHCL,gen ve servette vs hc lausanne,gen at hcl mar 31,kalshi
KXSHLGAME-26MAR301300ROGFAR,rogle bk vs f rjestad,rog at far mar 30,kalshi
KXSHLGAME-26MAR301300VAXBRY,v xj lakers vs brynas if,vax at bry mar 30,kalshi
KXKHLGAME-26MAR311230SKACSK,ska st petersburg vs cska moscow,ska at csk mar 31,kalshi
KXKHLGAME-26MAR311000SALAVT,salavat yulaev ufa vs avtomobilist yekaterinburg,sal at avt mar 31,kalshi
KXNHLFIRSTGOAL-26MAR28MTLNSH,mtl canadiens at nsh predators first goal,mtl vs nsh mar 28,kalshi
KXNHLPTS-26MAR28MTLNSH,mtl canadiens at nsh predators points,mtl at nsh mar 28,kalshi
KXNHLAST-26MAR28MTLNSH,mtl canadiens at nsh predators assists,mtl at nsh mar 28,kalshi
KXNHLFIRSTGOAL-26MAR28TORSTL,tor maple leafs at stl blues first goal,tor vs stl mar 28,kalshi
KXNHLGOAL-26MAR28MTLNSH,mtl canadiens at nsh predators player goals,mtl vs nsh mar 28,kalshi
KXNHLPTS-26MAR28TORSTL,tor maple leafs at stl blues points,tor at stl mar 28,kalshi
KXNHLAST-26MAR28TORSTL,tor maple leafs at stl blues assists,tor at stl mar 28,kalshi
KXNHLGOAL-26MAR28TORSTL,tor maple leafs at stl blues player goals,tor vs stl mar 28,kalshi
KXNHLFIRSTGOAL-26MAR28WPGCOL,wpg jets at col avalanche first goal,wpg vs col mar 28,kalshi
KXNHLPTS-26MAR28WPGCOL,wpg jets at col avalanche points,wpg at col mar 28,kalshi
KXNHLAST-26MAR28WPGCOL,wpg jets at col avalanche assists,wpg at col mar 28,kalshi
KXNHLGOAL-26MAR28WPGCOL,wpg jets at col avalanche player goals,wpg vs col mar 28,kalshi
KXVALORANTMAP-26MAR31SRADG-2,vcl north america stage 2 2026 shopify rebellion vs azure dragon gaming map 2,map 2 sr vs adg mar 31,kalshi
KXVALORANTMAP-26MAR31M80EGA-2,vcl north america stage 2 2026 m80 vs evil geniuses academy map 2,map 2 m80 vs ega mar 31,kalshi
KXVALORANTMAP-26MAR30PGSQOR-2,vcl north america stage 2 2026 pigeons vs qor map 2,map 2 pgs vs qor mar 30,kalshi
KXVALORANTMAP-26MAR30D1SLP-2,vcl north america stage 2 2026 division one vs sleepers map 2,map 2 d1 vs slp mar 30,kalshi
KXVALORANTMAP-26MAR31SRADG-1,vcl north america stage 2 2026 shopify rebellion vs azure dragon gaming map 1,map 1 sr vs adg mar 31,kalshi
KXVALORANTMAP-26MAR31NRGAYFP-2,vcl north america stage 2 2026 nrg academy vs yfp gaming map 2,map 2 nrga vs yfp mar 31,kalshi
KXVALORANTMAP-26MAR31M80EGA-1,vcl north america stage 2 2026 m80 vs evil geniuses academy map 1,map 1 m80 vs ega mar 31,kalshi
KXVALORANTMAP-26MAR30PGSQOR-1,vcl north america stage 2 2026 pigeons vs qor map 1,map 1 pgs vs qor mar 30,kalshi
KXVALORANTMAP-26MAR30D1SLP-1,vcl north america stage 2 2026 division one vs sleepers map 1,map 1 d1 vs slp mar 30,kalshi
KXVALORANTMAP-26MAR31NRGAYFP-1,vcl north america stage 2 2026 nrg academy vs yfp gaming map 1,map 1 nrga vs yfp mar 31,kalshi
KXVALORANTMAP-26MAR31AGNBG-2,vcl north america stage 2 2026 alliance guardians vs nightblood gaming map 2,map 2 ag vs nbg mar 31,kalshi
KXVALORANTMAP-26MAR30SADSRGC-2,vcl north america stage 2 2026 sad esports vs shopify rebellion gc map 2,map 2 sad vs srgc mar 30,kalshi
KXVALORANTMAP-26MAR31AGNBG-1,vcl north america stage 2 2026 alliance guardians vs nightblood gaming map 1,map 1 ag vs nbg mar 31,kalshi
KXVALORANTMAP-26MAR30EVIROSE-2,vcl north america stage 2 2026 team evictix vs rose map 2,map 2 evi vs rose mar 30,kalshi
KXVALORANTMAP-26MAR30SADSRGC-1,vcl north america stage 2 2026 sad esports vs shopify rebellion gc map 1,map 1 sad vs srgc mar 30,kalshi
KXVALORANTMAP-26MAR30EVIROSE-1,vcl north america stage 2 2026 team evictix vs rose map 1,map 1 evi vs rose mar 30,kalshi
KXVALORANTGAME-26MAR30PGSQOR,pigeons vs qor,pigeons vs qor mar 30,kalshi
KXVALORANTGAME-26MAR31NRGAYFP,nrg academy vs yfp gaming,nrg academy vs yfp gaming mar 31,kalshi
KXVALORANTGAME-26MAR30SADSRGC,sad esports vs shopify rebellion gc,sad esports vs shopify rebellion gc mar 30,kalshi
KXVALORANTGAME-26MAR30D1SLP,division one vs sleepers,division one vs sleepers mar 30,kalshi
KXVALORANTGAME-26MAR30EVIROSE,team evictix vs rose,team evictix vs rose mar 30,kalshi
KXVALORANTGAME-26MAR31M80EGA,m80 vs evil geniuses academy,m80 vs evil geniuses academy mar 31,kalshi
KXVALORANTGAME-26MAR31AGNBG,alliance guardians vs nightblood gaming,alliance guardians vs nightblood gaming mar 31,kalshi
KXVALORANTGAME-26MAR31SRADG,shopify rebellion vs azure dragon gaming,shopify rebellion vs azure dragon gaming mar 31,kalshi
KXOWGAME-26MAR29DEGNP,ocs china stage 1 2026 deg vs naive piggy,deg vs naive piggy mar 29,kalshi
KXOWGAME-26MAR29MTHE,ocs china stage 1 2026 milk tea vs homie e,milk tea vs homie e mar 29,kalshi
KXNBA2HWINNER-26MAR29ORLTOR,orlando vs toronto second half winner,orl vs tor mar 29,kalshi
KXNBA1HWINNER-26MAR29ORLTOR,orlando vs toronto first half winner,orl vs tor mar 29,kalshi
KXNBA2HWINNER-26MAR29MIAIND,miami vs indiana second half winner,mia vs ind mar 29,kalshi
KXNBA1HWINNER-26MAR29MIAIND,miami vs indiana first half winner,mia vs ind mar 29,kalshi
KXMLBHRR-26MAR281610COLMIA,colorado vs miami hits runs rbis,col vs mia mar 28,kalshi
KXMLBHRR-26MAR281605TEXPHI,texas vs philadelphia hits runs rbis,tex vs phi mar 28,kalshi
KXUFCVICROUND-26MAR28ADEPYF,israel adesanya vs joe pyfer round of victory,israel adesanya vs joe pyfer mar 28,kalshi
KXUFCROUNDS-26MAR28ADEPYF,israel adesanya vs joe pyfer round of finish,israel adesanya vs joe pyfer mar 28,kalshi
KXUFCMOF-26MAR28ADEPYF,israel adesanya vs joe pyfer method of finish,israel adesanya vs joe pyfer mar 28,kalshi
KXUFCDISTANCE-26MAR28ADEPYF,israel adesanya vs joe pyfer go the distance,israel adesanya vs joe pyfer mar 28,kalshi
KXUFCDISTANCE-26MAR28ABDBEL,mansur abdul malik vs yousri belgaroui go the distance,mansur abdul malik vs yousri belgaroui mar 28,kalshi
KXUFCDISTANCE-26MAR28STILOP,navajo stirling vs bruno lopes go the distance,navajo stirling vs bruno lopes mar 28,kalshi
KXUFCDISTANCE-26MAR28HOOGIB,chase hooper vs lance gibson jr go the distance,chase hooper vs lance gibson jr mar 28,kalshi
KXUFCDISTANCE-26MAR28SIMYAN,ricky simon vs adrian yanez go the distance,ricky simon vs adrian yanez mar 28,kalshi
KXUFCMOV-26MAR28ADEPYF,israel adesanya vs joe pyfer method of victory,israel adesanya vs joe pyfer mar 28,kalshi
KXUFCDISTANCE-26MAR28ONEFER,casey o neill vs gabriella fernandes go the distance,casey o neill vs gabriella fernandes mar 28,kalshi
KXUFCDISTANCE-26MAR28TYBFOR,marcin tybura vs tyrell fortune go the distance,marcin tybura vs tyrell fortune mar 28,kalshi
KXUFCDISTANCE-26MAR28CHIPRI,michael chiesa vs niko price go the distance,michael chiesa vs niko price mar 28,kalshi
KXUFCDISTANCE-26MAR28MCKNEL,terrance mckinney vs kyle nelson go the distance,terrance mckinney vs kyle nelson mar 28,kalshi
KXUFCMOV-26MAR28ABDBEL,mansur abdul malik vs yousri belgaroui method of victory,mansur abdul malik vs yousri belgaroui mar 28,kalshi
KXUFCDISTANCE-26MAR28BAHMUS,ignacio bahamondes vs tofiq musayev go the distance,ignacio bahamondes vs tofiq musayev mar 28,kalshi
KXUFCDISTANCE-26MAR28THABRA,alexia thainara vs bruna brasil go the distance,alexia thainara vs bruna brasil mar 28,kalshi
KXUFCMOV-26MAR28STILOP,navajo stirling vs bruno lopes method of victory,navajo stirling vs bruno lopes mar 28,kalshi
KXUFCMOV-26MAR28HOOGIB,chase hooper vs lance gibson jr method of victory,chase hooper vs lance gibson jr mar 28,kalshi
KXUFCDISTANCE-26MAR28GRABAR,alexa grasso vs maycee barber go the distance,alexa grasso vs maycee barber mar 28,kalshi
KXUFCMOV-26MAR28SIMYAN,ricky simon vs adrian yanez method of victory,ricky simon vs adrian yanez mar 28,kalshi
KXUFCDISTANCE-26MAR28ERODOU,julian erosa vs lerryan douglas go the distance,julian erosa vs lerryan douglas mar 28,kalshi
KXUFCMOV-26MAR28ONEFER,casey o neill vs gabriella fernandes method of victory,casey o neill vs gabriella fernandes mar 28,kalshi
KXUFCMOV-26MAR28TYBFOR,marcin tybura vs tyrell fortune method of victory,marcin tybura vs tyrell fortune mar 28,kalshi
KXUFCMOV-26MAR28CHIPRI,michael chiesa vs niko price method of victory,michael chiesa vs niko price mar 28,kalshi
KXUFCMOV-26MAR28MCKNEL,terrance mckinney vs kyle nelson method of victory,terrance mckinney vs kyle nelson mar 28,kalshi
KXUFCMOV-26MAR28THABRA,alexia thainara vs bruna brasil method of victory,alexia thainara vs bruna brasil mar 28,kalshi
KXUFCMOV-26MAR28GRABAR,alexa grasso vs maycee barber method of victory,alexa grasso vs maycee barber mar 28,kalshi
KXUFCMOV-26MAR28BAHMUS,ignacio bahamondes vs tofiq musayev method of victory,ignacio bahamondes vs tofiq musayev mar 28,kalshi
KXUFCMOV-26MAR28ERODOU,julian erosa vs lerryan douglas method of victory,julian erosa vs lerryan douglas mar 28,kalshi
KXMLBHRR-26MAR281610BOSCIN,boston vs cincinnati hits runs rbis,bos vs cin mar 28,kalshi
KXMLBTB-26MAR281610BOSCIN,boston vs cincinnati total bases,bos vs cin mar 28,kalshi
KXMLBHIT-26MAR281610BOSCIN,boston vs cincinnati hits,bos vs cin mar 28,kalshi
KXMLBTB-26MAR281610COLMIA,colorado vs miami total bases,col vs mia mar 28,kalshi
KXMLBHR-26MAR281610BOSCIN,boston vs cincinnati home runs,bos vs cin mar 28,kalshi
KXMLBTB-26MAR281605TEXPHI,texas vs philadelphia total bases,tex vs phi mar 28,kalshi
KXATPSETWINNER-26MAR29KUZTRA-2,dimitar kuzmanov vs stefano travaglia set 2 winner,dimitar kuzmanov vs stefano travaglia set 2 mar 29,kalshi
KXATPSETWINNER-26MAR29KUZTRA-1,dimitar kuzmanov vs stefano travaglia set 1 winner,dimitar kuzmanov vs stefano travaglia set 1 mar 29,kalshi
KXATPSETWINNER-26MAR29HAISCH-2,stefan horia haita vs joel schwaerzler set 2 winner,stefan horia haita vs joel schwaerzler set 2 mar 29,kalshi
KXATPSETWINNER-26MAR29MERPUR-2,daniel merida vs saba purtseladze set 2 winner,daniel merida vs saba purtseladze set 2 mar 29,kalshi
KXATPSETWINNER-26MAR29TSESAK-2,chun hsin tseng vs stefanos sakellaridis set 2 winner,chun hsin tseng vs stefanos sakellaridis set 2 mar 29,kalshi
KXATPSETWINNER-26MAR29HAISCH-1,stefan horia haita vs joel schwaerzler set 1 winner,stefan horia haita vs joel schwaerzler set 1 mar 29,kalshi
KXATPSETWINNER-26MAR29GHECLA-2,gabriel ghetu vs jay clarke set 2 winner,gabriel ghetu vs jay clarke set 2 mar 29,kalshi
KXATPSETWINNER-26MAR29MERPUR-1,daniel merida vs saba purtseladze set 1 winner,daniel merida vs saba purtseladze set 1 mar 29,kalshi
KXATPSETWINNER-26MAR29TSESAK-1,chun hsin tseng vs stefanos sakellaridis set 1 winner,chun hsin tseng vs stefanos sakellaridis set 1 mar 29,kalshi
KXATPSETWINNER-26MAR29HARMOL-2,billy harris vs alex molcan set 2 winner,billy harris vs alex molcan set 2 mar 29,kalshi
KXATPSETWINNER-26MAR29GHECLA-1,gabriel ghetu vs jay clarke set 1 winner,gabriel ghetu vs jay clarke set 1 mar 29,kalshi
KXATPSETWINNER-26MAR29LOFROD-2,george loffhagen vs jurij rodionov set 2 winner,george loffhagen vs jurij rodionov set 2 mar 29,kalshi
KXATPSETWINNER-26MAR29HARMOL-1,billy harris vs alex molcan set 1 winner,billy harris vs alex molcan set 1 mar 29,kalshi
KXATPSETWINNER-26MAR29LOFROD-1,george loffhagen vs jurij rodionov set 1 winner,george loffhagen vs jurij rodionov set 1 mar 29,kalshi
KXCODGAME-26MAR29TEXFAZ,optic texas vs faze vegas,optic texas vs faze vegas mar 29,kalshi
KXMLBHIT-26MAR281605TEXPHI,texas vs philadelphia hits,tex vs phi mar 28,kalshi
KXMLBHIT-26MAR281610COLMIA,colorado vs miami hits,col vs mia mar 28,kalshi
KXMLBHR-26MAR281605TEXPHI,texas vs philadelphia home runs,tex vs phi mar 28,kalshi
KXMLBHR-26MAR281610COLMIA,colorado vs miami home runs,col vs mia mar 28,kalshi
KXATPMATCH-26MAR29KUZTRA,kuzmanov vs travaglia,kuzmanov vs travaglia mar 29,kalshi
KXATPMATCH-26MAR29HARMOL,harris vs molcan,harris vs molcan mar 29,kalshi
KXATPMATCH-26MAR29GHECLA,ghetu vs clarke,ghetu vs clarke mar 29,kalshi
KXATPMATCH-26MAR29HAISCH,haita vs schwaerzler,haita vs schwaerzler mar 29,kalshi
KXATPMATCH-26MAR29LOFROD,loffhagen vs rodionov,loffhagen vs rodionov mar 29,kalshi
KXATPMATCH-26MAR29MERPUR,merida vs purtseladze,merida vs purtseladze mar 29,kalshi
KXATPMATCH-26MAR29TSESAK,tseng vs sakellaridis,tseng vs sakellaridis mar 29,kalshi
KXATPSETWINNER-26MAR29BASMIC-2,nikoloz basilashvili vs daniel michalski set 2 winner,nikoloz basilashvili vs daniel michalski set 2 mar 29,kalshi
KXATPSETWINNER-26MAR29BASMIC-1,nikoloz basilashvili vs daniel michalski set 1 winner,nikoloz basilashvili vs daniel michalski set 1 mar 29,kalshi
KXMLBHRR-26MAR281610PITNYM,pittsburgh vs new york m hits runs rbis,pit vs nym mar 28,kalshi
KXMLBTB-26MAR281610PITNYM,pittsburgh vs new york m total bases,pit vs nym mar 28,kalshi
KXMLBHIT-26MAR281610PITNYM,pittsburgh vs new york m hits,pit vs nym mar 28,kalshi
KXMLBHR-26MAR281610PITNYM,pittsburgh vs new york m home runs,pit vs nym mar 28,kalshi
KXATPMATCH-26MAR29BASMIC,basilashvili vs michalski,basilashvili vs michalski mar 29,kalshi
KXNHLFIRSTGOAL-26MAR28SEABUF,sea kraken at buf sabres first goal,sea vs buf mar 28,kalshi
KXNHLPTS-26MAR28SEABUF,sea kraken at buf sabres points,sea at buf mar 28,kalshi
KXNHLAST-26MAR28SEABUF,sea kraken at buf sabres assists,sea at buf mar 28,kalshi
KXNHLGOAL-26MAR28SEABUF,sea kraken at buf sabres player goals,sea vs buf mar 28,kalshi
KXMLBHRR-26MAR281420WSHCHC,washington vs chicago c hits runs rbis,wsh vs chc mar 28,kalshi
KXMLBHRR-26MAR281507ATHTOR,a s vs toronto hits runs rbis,ath vs tor mar 28,kalshi
KXMLBTB-26MAR281420WSHCHC,washington vs chicago c total bases,wsh vs chc mar 28,kalshi
KXMLBTB-26MAR281507ATHTOR,a s vs toronto total bases,ath vs tor mar 28,kalshi
KXMLBHIT-26MAR281507ATHTOR,a s vs toronto hits,ath vs tor mar 28,kalshi
KXMLBHIT-26MAR281420WSHCHC,washington vs chicago c hits,wsh vs chc mar 28,kalshi
KXMLBHR-26MAR281507ATHTOR,a s vs toronto home runs,ath vs tor mar 28,kalshi
KXMLBHR-26MAR281420WSHCHC,washington vs chicago c home runs,wsh vs chc mar 28,kalshi
KXATPCHALLENGERMATCH-26MAR29BOUISH,boulais vs ishii,boulais vs ishii mar 29,kalshi
KXATPCHALLENGERMATCH-26MAR29ICHIMA,ichikawa vs imamura,ichikawa vs imamura mar 29,kalshi
KXATPCHALLENGERMATCH-26MAR29OVEISO,overbeck vs isomura,overbeck vs isomura mar 29,kalshi
KXATPCHALLENGERMATCH-26MAR29TABSAT,tabata vs sach,tabata vs sach mar 29,kalshi
KXATPSETWINNER-26MAR29MCDBRO-2,mackenzie mcdonald vs jenson brooksby set 2 winner,mackenzie mcdonald vs jenson brooksby set 2 mar 29,kalshi
KXATPSETWINNER-26MAR29MCDBRO-1,mackenzie mcdonald vs jenson brooksby set 1 winner,mackenzie mcdonald vs jenson brooksby set 1 mar 29,kalshi
KXATPSETWINNER-26MAR29BURWAL-2,roman andres burruchaga vs adam walton set 2 winner,roman andres burruchaga vs adam walton set 2 mar 29,kalshi
KXATPSETWINNER-26MAR29KOPMED-2,vit kopriva vs hamad medjedovic set 2 winner,vit kopriva vs hamad medjedovic set 2 mar 29,kalshi
KXATPSETWINNER-26MAR29DEJHAN-2,jesper de jong vs yannick hanfmann set 2 winner,jesper de jong vs yannick hanfmann set 2 mar 29,kalshi
KXATPSETWINNER-26MAR29DAMNAK-2,martin damm jr vs brandon nakashima set 2 winner,martin damm jr vs brandon nakashima set 2 mar 29,kalshi
KXATPSETWINNER-26MAR29BELBEN-2,mattia bellucci vs reda bennani set 2 winner,mattia bellucci vs reda bennani set 2 mar 29,kalshi
KXATPSETWINNER-26MAR29BURWAL-1,roman andres burruchaga vs adam walton set 1 winner,roman andres burruchaga vs adam walton set 1 mar 29,kalshi
KXATPSETWINNER-26MAR29DAMNAK-1,martin damm jr vs brandon nakashima set 1 winner,martin damm jr vs brandon nakashima set 1 mar 29,kalshi
KXATPSETWINNER-26MAR29DEJHAN-1,jesper de jong vs yannick hanfmann set 1 winner,jesper de jong vs yannick hanfmann set 1 mar 29,kalshi
KXATPSETWINNER-26MAR29KOPMED-1,vit kopriva vs hamad medjedovic set 1 winner,vit kopriva vs hamad medjedovic set 1 mar 29,kalshi
KXATPSETWINNER-26MAR29BELBEN-1,mattia bellucci vs reda bennani set 1 winner,mattia bellucci vs reda bennani set 1 mar 29,kalshi
KXATPSETWINNER-26MAR29OCONAV-2,christopher o connell vs mariano navone set 2 winner,christopher o connell vs mariano navone set 2 mar 29,kalshi
KXATPSETWINNER-26MAR29CINMUL-2,federico cina vs alexandre muller set 2 winner,federico cina vs alexandre muller set 2 mar 29,kalshi
KXATPSETWINNER-26MAR29OCONAV-1,christopher o connell vs mariano navone set 1 winner,christopher o connell vs mariano navone set 1 mar 29,kalshi
KXATPSETWINNER-26MAR29CERMAJ-2,juan manuel cerundolo vs kamil majchrzak set 2 winner,juan manuel cerundolo vs kamil majchrzak set 2 mar 29,kalshi
KXATPSETWINNER-26MAR29CINMUL-1,federico cina vs alexandre muller set 1 winner,federico cina vs alexandre muller set 1 mar 29,kalshi
KXATPSETWINNER-26MAR29MICWON-2,alex michelsen vs coleman wong set 2 winner,alex michelsen vs coleman wong set 2 mar 29,kalshi
KXATPSETWINNER-26MAR29POPKYP-2,alexei popyrin vs patrick kypson set 2 winner,alexei popyrin vs patrick kypson set 2 mar 29,kalshi
KXATPSETWINNER-26MAR29BUSBER-2,ignacio buse vs matteo berrettini set 2 winner,ignacio buse vs matteo berrettini set 2 mar 29,kalshi
KXATPSETWINNER-26MAR29CERMAJ-1,juan manuel cerundolo vs kamil majchrzak set 1 winner,juan manuel cerundolo vs kamil majchrzak set 1 mar 29,kalshi
KXATPSETWINNER-26MAR29MICWON-1,alex michelsen vs coleman wong set 1 winner,alex michelsen vs coleman wong set 1 mar 29,kalshi
KXATPSETWINNER-26MAR29POPKYP-1,alexei popyrin vs patrick kypson set 1 winner,alexei popyrin vs patrick kypson set 1 mar 29,kalshi
KXATPSETWINNER-26MAR29BUSBER-1,ignacio buse vs matteo berrettini set 1 winner,ignacio buse vs matteo berrettini set 1 mar 29,kalshi
KXATPSETWINNER-26MAR29VANGAS-2,luca van assche vs hugo gaston set 2 winner,luca van assche vs hugo gaston set 2 mar 29,kalshi
KXATPSETWINNER-26MAR29BENHAL-2,karim bennani vs quentin halys set 2 winner,karim bennani vs quentin halys set 2 mar 29,kalshi
KXATPSETWINNER-26MAR29VANGAS-1,luca van assche vs hugo gaston set 1 winner,luca van assche vs hugo gaston set 1 mar 29,kalshi
KXATPSETWINNER-26MAR29VUKBAA-2,aleksandar vukic vs taha baadi set 2 winner,aleksandar vukic vs taha baadi set 2 mar 29,kalshi
KXATPSETWINNER-26MAR29BENHAL-1,karim bennani vs quentin halys set 1 winner,karim bennani vs quentin halys set 1 mar 29,kalshi
KXATPSETWINNER-26MAR29VUKBAA-1,aleksandar vukic vs taha baadi set 1 winner,aleksandar vukic vs taha baadi set 1 mar 29,kalshi
KXATPSETWINNER-26MAR29SMITIR-2,colton smith vs thiago agustin tirante set 2 winner,colton smith vs thiago agustin tirante set 2 mar 29,kalshi
KXATPSETWINNER-26MAR29KOVHIJ-2,aleksandar kovacevic vs rinky hijikata set 2 winner,aleksandar kovacevic vs rinky hijikata set 2 mar 29,kalshi
KXATPSETWINNER-26MAR29SMITIR-1,colton smith vs thiago agustin tirante set 1 winner,colton smith vs thiago agustin tirante set 1 mar 29,kalshi
KXATPSETWINNER-26MAR29KOVHIJ-1,aleksandar kovacevic vs rinky hijikata set 1 winner,aleksandar kovacevic vs rinky hijikata set 1 mar 29,kalshi
KXATPSETWINNER-26MAR29VALSVA-2,adolfo daniel vallejo vs zachary svajda set 2 winner,adolfo daniel vallejo vs zachary svajda set 2 mar 29,kalshi
KXATPSETWINNER-26MAR29VALSVA-1,adolfo daniel vallejo vs zachary svajda set 1 winner,adolfo daniel vallejo vs zachary svajda set 1 mar 29,kalshi
KXNBASTL-26MAR29NYKOKC,new york at oklahoma city steals,nyk at okc mar 29,kalshi
KXNBAREB-26MAR29NYKOKC,new york at oklahoma city rebounds,nyk at okc mar 29,kalshi
KXATPMATCH-26MAR29BELBEN,bellucci vs bennani,bellucci vs bennani mar 29,kalshi
KXATPMATCH-26MAR29BENHAL,bennani vs halys,bennani vs halys mar 29,kalshi
KXATPMATCH-26MAR29KOPMED,kopriva vs medjedovic,kopriva vs medjedovic mar 29,kalshi
KXATPMATCH-26MAR29BUSBER,buse vs berrettini,buse vs berrettini mar 29,kalshi
KXATPMATCH-26MAR29VANGAS,van assche vs gaston,van assche vs gaston mar 29,kalshi
KXATPMATCH-26MAR29OCONAV,o connell vs navone,o connell vs navone mar 29,kalshi
KXATPMATCH-26MAR29BURWAL,burruchaga vs walton,burruchaga vs walton mar 29,kalshi
KXATPMATCH-26MAR29MCDBRO,mcdonald vs brooksby,mcdonald vs brooksby mar 29,kalshi
KXATPMATCH-26MAR29DEJHAN,de jong vs hanfmann,de jong vs hanfmann mar 29,kalshi
KXATPMATCH-26MAR29VUKBAA,vukic vs baadi,vukic vs baadi mar 29,kalshi
KXATPMATCH-26MAR29MICWON,michelsen vs wong,michelsen vs wong mar 29,kalshi
KXATPMATCH-26MAR29SMITIR,smith vs tirante,smith vs tirante mar 29,kalshi
KXATPMATCH-26MAR29CERMAJ,cerundolo vs majchrzak,cerundolo vs majchrzak mar 29,kalshi
KXATPMATCH-26MAR29DAMNAK,damm jr vs nakashima,damm jr vs nakashima mar 29,kalshi
KXATPMATCH-26MAR29KOVHIJ,kovacevic vs hijikata,kovacevic vs hijikata mar 29,kalshi
KXATPMATCH-26MAR29CINMUL,cina vs muller,cina vs muller mar 29,kalshi
KXATPMATCH-26MAR29POPKYP,popyrin vs kypson,popyrin vs kypson mar 29,kalshi
KXATPMATCH-26MAR29VALSVA,vallejo vs svajda,vallejo vs svajda mar 29,kalshi
KXNHLFIRSTGOAL-26MAR28SJCBJ,sj sharks at cbj blue jackets first goal,sj vs cbj mar 28,kalshi
KXNHLPTS-26MAR28SJCBJ,sj sharks at cbj blue jackets points,sj at cbj mar 28,kalshi
KXNHLAST-26MAR28SJCBJ,sj sharks at cbj blue jackets assists,sj at cbj mar 28,kalshi
KXNHLFIRSTGOAL-26MAR28DALPIT,dal stars at pit penguins first goal,dal vs pit mar 28,kalshi
KXNHLGOAL-26MAR28SJCBJ,sj sharks at cbj blue jackets player goals,sj vs cbj mar 28,kalshi
KXNHLFIRSTGOAL-26MAR28MINBOS,min wild at bos bruins first goal,min vs bos mar 28,kalshi
KXNHLPTS-26MAR28DALPIT,dal stars at pit penguins points,dal at pit mar 28,kalshi
KXNHLFIRSTGOAL-26MAR28NJCAR,nj devils at car hurricanes first goal,nj vs car mar 28,kalshi
KXNHLPTS-26MAR28MINBOS,min wild at bos bruins points,min at bos mar 28,kalshi
KXNHLAST-26MAR28DALPIT,dal stars at pit penguins assists,dal at pit mar 28,kalshi
KXNHLPTS-26MAR28NJCAR,nj devils at car hurricanes points,nj at car mar 28,kalshi
KXNHLGOAL-26MAR28DALPIT,dal stars at pit penguins player goals,dal vs pit mar 28,kalshi
KXNHLAST-26MAR28MINBOS,min wild at bos bruins assists,min at bos mar 28,kalshi
KXNHLAST-26MAR28NJCAR,nj devils at car hurricanes assists,nj at car mar 28,kalshi
KXNHLGOAL-26MAR28MINBOS,min wild at bos bruins player goals,min vs bos mar 28,kalshi
KXNHLGOAL-26MAR28NJCAR,nj devils at car hurricanes player goals,nj vs car mar 28,kalshi
KXNBAGAME-26MAR30CLEUTA,cleveland at utah,cle at uta mar 30,kalshi
KXNBAGAME-26MAR30DETOKC,detroit at oklahoma city,det at okc mar 30,kalshi
KXNBAGAME-26MAR30WASLAL,washington at los angeles l,was at lal mar 30,kalshi
KXNBAGAME-26MAR30BOSATL,boston at atlanta,bos at atl mar 30,kalshi
KXNBASPREAD-26MAR28DETMIN,detroit at minnesota spread,det at min mar 28,kalshi
KXNBAGAME-26MAR30PHXMEM,phoenix at memphis,phx at mem mar 30,kalshi
KXNBAGAME-26MAR30MINDAL,minnesota at dallas,min at dal mar 30,kalshi
KXNBAGAME-26MAR30CHISAS,chicago at san antonio,chi at sas mar 30,kalshi
KXNBAMENTION-26MAR30PHIMIA,announcers at philadelphia vs miami professional basketball game,philadelphia vs miami professional basketball game,kalshi
KXMLBHR-26MAR281415TBSTL,tampa bay vs st louis home runs,tb vs stl mar 28,kalshi
KXLLM1-26APR04,best ai this week,on apr 4 2026,kalshi
KXMLBHRR-26MAR281415TBSTL,tampa bay vs st louis hits runs rbis,tb vs stl mar 28,kalshi
KXMLBTB-26MAR281415TBSTL,tampa bay vs st louis total bases,tb vs stl mar 28,kalshi
KXMLBHIT-26MAR281415TBSTL,tampa bay vs st louis hits,tb vs stl mar 28,kalshi
KXDOTA2MAP-26MAR28PARIXTREME-2,esl one birmingham 2026 parivision vs xtreme gaming map 2,map 2 pari vs xtreme mar 28,kalshi
KXWTAMATCH-26MAR28TONCEN,tona vs cengiz,tona vs cengiz mar 28,kalshi
KXATPCHALLENGERMATCH-26MAR28NAKMOC,nakagawa vs mochizuki,nakagawa vs mochizuki mar 28,kalshi
KXATPCHALLENGERMATCH-26MAR28NEFMAT,nefve vs matsuda,nefve vs matsuda mar 28,kalshi
KXATPCHALLENGERMATCH-26MAR28HUAKUS,huang vs kusuhara,huang vs kusuhara mar 28,kalshi
KXATPCHALLENGERMATCH-26MAR28TULDEC,tu vs deckers,tu vs deckers mar 28,kalshi
KXDOTA2GAME-26MAR28PARIXTREME,parivision vs xtreme gaming,parivision vs xtreme gaming mar 28,kalshi
KXNCAABBGAME-26MAR281700AUSCAR,austin peay vs central arkansas,aus vs car mar 28,kalshi
KXNCAABBGAME-26MAR281600SAEGEOG2,la salle vs george washington game 2,sae vs geo mar 28,kalshi
KXNCAABBGAME-26MAR281700BUBMILG2,butler vs milwaukee game 2,bub vs mil mar 28,kalshi
KXNCAABBGAME-26MAR281700MOREAS,morehead state vs eastern illinois,mor vs eas mar 28,kalshi
KXNCAABBGAME-26MAR281600NEWMID,new mexico state vs middle tennessee,new vs mid mar 28,kalshi
KXNCAABBGAME-26MAR281600WAMUNC,william mary vs unc wilmington,wam vs unc mar 28,kalshi
KXNCAABBGAME-26MAR281600ALBMVF,alabama a m vs mississippi valley state,alb vs mvf mar 28,kalshi
KXNCAABBGAME-26MAR281600LOYSAN,loyola marymount vs santa clara,loy vs san mar 28,kalshi
KXNCAABBGAME-26MAR281600SEASFD,seattle vs san francisco,sea vs sfd mar 28,kalshi
KXNCAABBGAME-26MAR281600PVPSOU,prairie view a m vs southern,pvp vs sou mar 28,kalshi
KXNCAABBGAME-26MAR281600TSBGEO,texas state vs georgia state,tsb vs geo mar 28,kalshi
KXNCAABBGAME-26MAR281600LINUTM,lindenwood vs ut martin,lin vs utm mar 28,kalshi
KXNCAABBGAME-26MAR281600CCCMTH,coastal carolina vs marshall,ccc vs mth mar 28,kalshi
KXNCAABBGAME-26MAR281600CPMRIV,cal poly vs uc riverside,cpm vs riv mar 28,kalshi
KXNCAABBGAME-26MAR281600MSBDBP,missouri state vs dallas baptist,msb vs dbp mar 28,kalshi
KXNCAABBGAME-26MAR281600LOLRAH,longwood vs radford,lol vs rah mar 28,kalshi
KXNCAABBGAME-26MAR281600KSWUTU,kansas state vs utah,ksw vs utu mar 28,kalshi
KXNCAABBGAME-26MAR281600AIRTAR,air force vs tarleton state,air vs tar mar 28,kalshi
KXNCAABBGAME-26MAR281600SFBCHA,south florida vs charlotte,sfb vs cha mar 28,kalshi
KXNCAABBGAME-26MAR281600CALWFD,california vs wake forest,cal vs wfd mar 28,kalshi
KXNCAABBGAME-26MAR281600RGENDSB,oral roberts vs north dakota state,rge vs ndsb mar 28,kalshi
KXNCAABBGAME-26MAR281600OMATHOG2,omaha vs st thomas mn game 2,oma vs tho mar 28,kalshi
KXNCAABBGAME-26MAR281535PURMIC,purdue vs michigan state,pur vs mic mar 28,kalshi
KXNCAABBGAME-26MAR281500GRATST,grambling state vs texas southern,gra vs tst mar 28,kalshi
KXNCAABBGAME-26MAR281505WSSMET,wichita state vs memphis,wss vs met mar 28,kalshi
KXNCAABBGAME-26MAR281500ALCAGL,alcorn state vs arkansas pine bluff,alc vs agl mar 28,kalshi
KXNCAABBGAME-26MAR281505OSBMGG,ohio state vs minnesota,osb vs mgg mar 28,kalshi
KXNCAABBGAME-26MAR281505FAORIC,florida atlantic vs rice,fao vs ric mar 28,kalshi
KXNCAABBGAME-26MAR281500ASMSGE,appalachian state vs southern miss,asm vs sge mar 28,kalshi
KXNCAABBGAME-26MAR281500LOULAL,louisiana monroe vs louisiana,lou vs lal mar 28,kalshi
KXNCAABBGAME-26MAR281500ODMSAJ,old dominion vs south alabama,odm vs saj mar 28,kalshi
KXNCAABBGAME-26MAR281500ACWMCNS,abilene christian vs mcneese,acw vs mcns mar 28,kalshi
KXNCAABBGAME-26MAR281500NOPSLL,new orleans vs southeastern louisiana,nop vs sll mar 28,kalshi
KXNCAABBGAME-26MAR281500KEWLSU,kentucky vs lsu,kew vs lsu mar 28,kalshi
KXNCAABBGAME-26MAR281500MURBBR,murray state vs bradley,mur vs bbr mar 28,kalshi
KXNCAABBGAME-26MAR281500FLABEL,uic vs belmont,fla vs bel mar 28,kalshi
KXNCAABBGAME-26MAR281500TGESIU,tennessee tech vs siu edwardsville,tge vs siu mar 28,kalshi
KXNCAABBGAME-26MAR281500UTTISA,utah tech vs southern illinois,utt vs isa mar 28,kalshi
KXNCAABBGAME-26MAR281500MIAKGF,miami oh vs kent state,mia vs kgf mar 28,kalshi
KXNCAABBGAME-26MAR281500MIWRSK,michigan vs rutgers,miw vs rsk mar 28,kalshi
KXNCAABBGAME-26MAR281500ISREPA,illinois state vs evansville,isr vs epa mar 28,kalshi
KXNCAABBGAME-26MAR281500CHCCFC,charleston vs campbell,chc vs cfc mar 28,kalshi
KXNCAABBGAME-26MAR281500JAGLTB,jacksonville state vs louisiana tech,jag vs ltb mar 28,kalshi
KXNCAABBGAME-26MAR281500PBHSAM,presbyterian vs samford,pbh vs sam mar 28,kalshi
KXNCAABBGAME-26MAR281500HPPRUB,high point vs gardner webb,hpp vs rub mar 28,kalshi
KXNCAABBGAME-26MAR281500INDNEC,indiana vs nebraska,ind vs nec mar 28,kalshi
KXNCAABBGAME-26MAR281500WESSHS,western kentucky vs sam houston state,wes vs shs mar 28,kalshi
KXNCAABBGAME-26MAR281500VILUTA,villanova vs ut arlington,vil vs uta mar 28,kalshi
KXNCAABBGAME-26MAR281500TRRTCU,texas tech vs tcu,trr vs tcu mar 28,kalshi
KXNCAABBGAME-26MAR281500SSHCRE,sacramento state vs creighton,ssh vs cre mar 28,kalshi
KXNCAABBGAME-26MAR281500KAJCIB,kansas vs cincinnati,kaj vs cib mar 28,kalshi
KXNCAABBGAME-26MAR281500OSCBYU,oklahoma state vs byu,osc vs byu mar 28,kalshi
KXNCAABBGAME-26MAR281500EASLIP,eastern kentucky vs lipscomb,eas vs lip mar 28,kalshi
KXNCAABBGAME-26MAR281500NORBEL,north alabama vs bellarmine,nor vs bel mar 28,kalshi
KXNCAABBGAME-26MAR281500ECPUTS,east carolina vs utsa,ecp vs uts mar 28,kalshi
KXNCAABBGAME-26MAR281500STCVTH,stanford vs virginia tech,stc vs vth mar 28,kalshi
KXNCAABBGAME-26MAR281500TGWUAB,tulane vs uab,tgw vs uab mar 28,kalshi
KXNCAABBGAME-26MAR281500MIACLE,miami fl vs clemson,mia vs cle mar 28,kalshi
KXNCAABBGAME-26MAR281500GMPSLB,george mason vs saint louis,gmp vs slb mar 28,kalshi
KXNCAABBGAME-26MAR281500NAMARMY,navy vs army west point,nam vs army mar 28,kalshi
KXNCAABBGAME-26MAR281500VMIETS,vmi vs east tennessee state,vmi vs ets mar 28,kalshi
KXNCAABBGAME-26MAR281500BGFNIH,bowling green vs northern illinois,bgf vs nih mar 28,kalshi
KXNCAABBGAME-26MAR281500CMCMIE,central michigan vs eastern michigan,cmc vs mie mar 28,kalshi
KXNCAABBGAME-26MAR281430MSBOLE,mississippi state vs ole miss,msb vs ole mar 28,kalshi
KXNCAABBGAME-26MAR281400BABHOC,baylor vs houston,bab vs hoc mar 28,kalshi
KXNCAABBGAME-26MAR281400ASHFLR,alabama state vs florida a m,ash vs flr mar 28,kalshi
KXNCAABBGAME-26MAR281430PRTBRBG2,princeton vs brown game 2,prt vs brb mar 28,kalshi
KXNCAABBGAME-26MAR281400STHFGE,stetson vs florida gulf coast,sth vs fge mar 28,kalshi
KXNCAABBGAME-26MAR281400SDSNOR,south dakota state vs northern colorado,sds vs nor mar 28,kalshi
KXNCAABBGAME-26MAR281400GSPWOF,unc greensboro vs wofford,gsp vs wof mar 28,kalshi
KXNCAABBGAME-26MAR281400OAKWRI,oakland vs wright state,oak vs wri mar 28,kalshi
KXNCAABBGAME-26MAR281400WESQUE,west georgia vs queens nc,wes vs que mar 28,kalshi
KXNCAABBGAME-26MAR281400MONELO,monmouth vs elon,mon vs elo mar 28,kalshi
KXNCAABBGAME-26MAR281400FRBNML,fresno state vs new mexico,frb vs nml mar 28,kalshi
KXNCAABBGAME-26MAR281400FIULIB,fiu vs liberty,fiu vs lib mar 28,kalshi
KXNCAABBGAME-26MAR281400GTUNCA,georgetown vs north carolina a t state,gtu vs nca mar 28,kalshi
KXNCAABBGAME-26MAR281400CALSJR,california baptist vs st john s,cal vs sjr mar 28,kalshi
KXNCAABBGAME-26MAR281400SOUGEO,south carolina vs georgia,sou vs geo mar 28,kalshi
KXNCAABBGAME-26MAR281400UCLAIOH,ucla vs iowa,ucla vs ioh mar 28,kalshi
KXNCAABBGAME-26MAR281400TENVAN,tennessee vs vanderbilt,ten vs van mar 28,kalshi
KXNCAABBGAME-26MAR281400WCCTHE,western carolina vs the citadel,wcc vs the mar 28,kalshi
KXNCAABBGAME-26MAR281400UNCCUS,unc asheville vs usc upstate,unc vs cus mar 28,kalshi
KXNCAABBGAME-26MAR281400KEODFB,kennesaw state vs delaware,keo vs dfb mar 28,kalshi
KXNCAABBGAME-26MAR281400SEMWES,southeast missouri vs western illinois,sem vs wes mar 28,kalshi
KXNCAABBGAME-26MAR281400FLGARK,florida vs arkansas,flg vs ark mar 28,kalshi
KXNCAABBGAME-26MAR281400TROMAT,usc vs maryland,tro vs mat mar 28,kalshi
KXNCAABBGAME-26MAR281400TROYGEO,troy vs georgia southern,troy vs geo mar 28,kalshi
KXNCAABBGAME-26MAR281400CSBWIE,charleston southern vs winthrop,csb vs wie mar 28,kalshi
KXNCAABBGAME-26MAR281400VICBCE,virginia vs boston college,vic vs bce mar 28,kalshi
KXNCAABBGAME-26MAR281400PITLOU,pitt vs louisville,pit vs lou mar 28,kalshi
KXNCAABBGAME-26MAR281400DBDFLS,duke vs florida state,dbd vs fls mar 28,kalshi
KXNBA3PT-26MAR29NYKOKC,new york at oklahoma city three pointers,nyk at okc mar 29,kalshi
KXNBAAST-26MAR29NYKOKC,new york at oklahoma city assists,nyk at okc mar 29,kalshi
KXATPCHALLENGERMATCH-26MAR28POLGEN,poljicak vs gentzsch,poljicak vs gentzsch mar 28,kalshi
KXATPCHALLENGERMATCH-26MAR28NOGUCH,noguchi vs uchiyama,noguchi vs uchiyama mar 28,kalshi
KXNHLFIRSTGOAL-26MAR28ANAEDM,ana ducks at edm oilers first goal,ana vs edm mar 28,kalshi
KXNHLPTS-26MAR28ANAEDM,ana ducks at edm oilers points,ana at edm mar 28,kalshi
KXNHLAST-26MAR28ANAEDM,ana ducks at edm oilers assists,ana at edm mar 28,kalshi
KXNHLGOAL-26MAR28ANAEDM,ana ducks at edm oilers player goals,ana vs edm mar 28,kalshi
KXNCAAMB1HTOTAL-26MAR29TENNMICH,tennessee vs michigan first half total,tenn vs mich mar 29,kalshi
KXNCAAMB1HSPREAD-26MAR29TENNMICH,tennessee vs michigan first half spread,tenn vs mich mar 29,kalshi
KXATPCHALLENGERMATCH-26MAR28NAKTAK,nakagawa vs takahashi,nakagawa vs takahashi mar 28,kalshi
KXATPCHALLENGERMATCH-26MAR28MORFIL,moriya vs filar,moriya vs filar mar 28,kalshi
KXATPCHALLENGERMATCH-26MAR28KUMNAM,kumasaka vs nam,kumasaka vs nam mar 28,kalshi
KXATPCHALLENGERMATCH-26MAR28KIKMAT,kikuchi vs matsuda,kikuchi vs matsuda mar 28,kalshi
KXSPOTSTREAMSUSA-26MAR29,how many streams will the top song on spotify s daily top songs usa have on mar 29 2026,for mar 29 2026,kalshi
KXSPOTSTREAMGLOBAL-26MAR29,how many streams will the top song on spotify s daily top songs global have on mar 29 2026,for mar 29 2026,kalshi
KXATPSETWINNER-26MAR29BOIMOL-2,gabi adrian boitan vs elmer moller set 2 winner,gabi adrian boitan vs elmer moller set 2 mar 29,kalshi
KXATPSETWINNER-26MAR29SHETUR-2,alexander shevchenko vs radu david turcanu set 2 winner,alexander shevchenko vs radu david turcanu set 2 mar 29,kalshi
KXATPSETWINNER-26MAR29ALTMAR-2,daniel altmaier vs pedro martinez set 2 winner,daniel altmaier vs pedro martinez set 2 mar 29,kalshi
KXATPSETWINNER-26MAR29BOIMOL-1,gabi adrian boitan vs elmer moller set 1 winner,gabi adrian boitan vs elmer moller set 1 mar 29,kalshi
KXATPSETWINNER-26MAR29SHETUR-1,alexander shevchenko vs radu david turcanu set 1 winner,alexander shevchenko vs radu david turcanu set 1 mar 29,kalshi
KXATPSETWINNER-26MAR29ALTMAR-1,daniel altmaier vs pedro martinez set 1 winner,daniel altmaier vs pedro martinez set 1 mar 29,kalshi
KXATPSETWINNER-26MAR29DZUJIA-2,damir dzumhur vs filip cristian jianu set 2 winner,damir dzumhur vs filip cristian jianu set 2 mar 29,kalshi
KXATPSETWINNER-26MAR29BAUDRO-2,roberto bautista agut vs titouan droguet set 2 winner,roberto bautista agut vs titouan droguet set 2 mar 29,kalshi
KXATPSETWINNER-26MAR29DZUJIA-1,damir dzumhur vs filip cristian jianu set 1 winner,damir dzumhur vs filip cristian jianu set 1 mar 29,kalshi
KXATPSETWINNER-26MAR29BAUDRO-1,roberto bautista agut vs titouan droguet set 1 winner,roberto bautista agut vs titouan droguet set 1 mar 29,kalshi
KXATPSETWINNER-26MAR29MAEVAN-2,francesco maestrelli vs botic van de zandschulp set 2 winner,francesco maestrelli vs botic van de zandschulp set 2 mar 29,kalshi
KXATPSETWINNER-26MAR29BAEGAU-2,sebastian baez vs vilius gaubas set 2 winner,sebastian baez vs vilius gaubas set 2 mar 29,kalshi
KXATPSETWINNER-26MAR29MAEVAN-1,francesco maestrelli vs botic van de zandschulp set 1 winner,francesco maestrelli vs botic van de zandschulp set 1 mar 29,kalshi
KXATPSETWINNER-26MAR29BAEGAU-1,sebastian baez vs vilius gaubas set 1 winner,sebastian baez vs vilius gaubas set 1 mar 29,kalshi
KXLOLMAP-26MAR29TTWE-2,esports world cup china qualifier 2026 thundertalk gaming vs team we map 2,map 2 tt vs we mar 29,kalshi
KXLOLMAP-26MAR29TTWE-1,esports world cup china qualifier 2026 thundertalk gaming vs team we map 1,map 1 tt vs we mar 29,kalshi
KXLOLTOTALMAPS-26MAR29TTWE,esports world cup china qualifier 2026 thundertalk gaming vs team we total maps,total maps tt vs we mar 29,kalshi
KXATPMATCH-26MAR29MAEVAN,maestrelli vs van de zandschulp,maestrelli vs van de zandschulp mar 29,kalshi
KXATPMATCH-26MAR29BOIMOL,boitan vs moller,boitan vs moller mar 29,kalshi
KXATPMATCH-26MAR29ALTMAR,altmaier vs martinez,altmaier vs martinez mar 29,kalshi
KXATPMATCH-26MAR29BAEGAU,baez vs gaubas,baez vs gaubas mar 29,kalshi
KXATPMATCH-26MAR29DZUJIA,dzumhur vs jianu,dzumhur vs jianu mar 29,kalshi
KXATPMATCH-26MAR29BAUDRO,bautista agut vs droguet,bautista agut vs droguet mar 29,kalshi
KXATPMATCH-26MAR29SHETUR,shevchenko vs turcanu,shevchenko vs turcanu mar 29,kalshi
KXLOLGAME-26MAR29TTWE,thundertalk gaming vs team we,thundertalk gaming vs team we mar 29,kalshi
KXNCAAMB1HTOTAL-26MAR29CONNDUKE,uconn vs duke first half total,conn vs duke mar 29,kalshi
KXNCAAMB1HSPREAD-26MAR29CONNDUKE,uconn vs duke first half spread,conn vs duke mar 29,kalshi
KXPERSONMENTION-26MAR28,what will reza pahlavi say during his cpac discussion,reza pahlavi cpac make iran great again speech from crown prince reza pahlavi,kalshi
KXNBA2D-26MAR29NYKOKC,new york at oklahoma city double doubles,nyk at okc mar 29,kalshi
KXNBAPTS-26MAR29NYKOKC,new york at oklahoma city points,nyk at okc mar 29,kalshi
KXNBAGAME-26MAR30PHIMIA,philadelphia at miami,phi at mia mar 30,kalshi
KXPOLITICSMENTION-26MAR28,what will rfk say during his cpac fireside chat,robert f kennedy jr cpac fireside chat with secretary robert f kennedy jr,kalshi
KXAAAGASD-26MAR29,us gas prices on mar 29 2026,on mar 29 2026,kalshi
KXNCAABBGAME-26MAR281400CBDSTO,central connecticut vs stonehill,cbd vs sto mar 28,kalshi
KXNCAABBGAME-26MAR281400ILLPEN,illinois vs penn state,ill vs pen mar 28,kalshi
KXMLBHRR-26MAR282110AZLAD,arizona vs los angeles d hits runs rbis,az vs lad mar 28,kalshi
KXNCAABBGAME-26MAR281400NSSMER,norfolk state vs mercyhurst,nss vs mer mar 28,kalshi
KXNCAABBGAME-26MAR281400COPMOY,coppin state vs le moyne,cop vs moy mar 28,kalshi
KXLOLMAP-26MAR29OMGNIP-2,esports world cup china qualifier 2026 oh my god vs ninjas in pyjamas map 2,map 2 omg vs nip mar 29,kalshi
KXLOLMAP-26MAR29OMGNIP-1,esports world cup china qualifier 2026 oh my god vs ninjas in pyjamas map 1,map 1 omg vs nip mar 29,kalshi
KXLOLTOTALMAPS-26MAR29OMGNIP,esports world cup china qualifier 2026 oh my god vs ninjas in pyjamas total maps,total maps omg vs nip mar 29,kalshi
KXLOLGAME-26MAR29OMGNIP,oh my god vs ninjas in pyjamas,oh my god vs ninjas in pyjamas mar 29,kalshi
KXOWGAME-26MAR29EXTSSG,ocs north america stage 1 2026 extinction vs spacestation gaming,extinction vs spacestation gaming mar 29,kalshi
KXOWGAME-26MAR29LUNEXDAL,ocs north america stage 1 2026 lunex gaming vs dallas fuel,lunex gaming vs dallas fuel mar 29,kalshi
KXOWGAME-26MAR29GEEPEPS,ocs emea stage 1 2026 geekay esports vs team peps,geekay esports vs team peps mar 29,kalshi
KXOWGAME-26MAR29ALALQ,ocs emea stage 1 2026 anyone s legend vs al qadsiah,anyone s legend vs al qadsiah mar 29,kalshi
KXNCAABBGAME-26MAR281305UMAWMB,umass vs western michigan,uma vs wmb mar 28,kalshi
KXMLBTB-26MAR282110AZLAD,arizona vs los angeles d total bases,az vs lad mar 28,kalshi
KXNCAABBGAME-26MAR281300PEQYAL,penn vs yale,peq vs yal mar 28,kalshi
KXNCAABBGAME-26MAR281300WAGNEW,wagner vs new haven,wag vs new mar 28,kalshi
KXNCAABBGAME-26MAR281300OHBBSC,ohio vs ball state,ohb vs bsc mar 28,kalshi
KXNCAABBGAME-26MAR281300LIUMAR,liu vs maryland eastern shore,liu vs mar mar 28,kalshi
KXNCAABBGAME-26MAR281300QUISPP,quinnipiac vs saint peter s,qui vs spp mar 28,kalshi
KXNCAABBGAME-26MAR281300NEHHOP,northeastern vs hofstra,neh vs hop mar 28,kalshi
KXNCAABBGAME-26MAR281300TOLAKZ,toledo vs akron,tol vs akz mar 28,kalshi
KXNCAABBGAME-26MAR281300MSMSHP,mount st mary s vs sacred heart,msm vs shp mar 28,kalshi
KXNCAABBGAME-26MAR281300LALHCC,lafayette vs holy cross,lal vs hcc mar 28,kalshi
KXNCAABBGAME-26MAR281300NJITBRY,njit vs bryant,njit vs bry mar 28,kalshi
KXNCAABBGAME-26MAR281300YOUNOR,youngstown state vs northern kentucky,you vs nor mar 28,kalshi
KXATPCHALLENGERMATCH-26MAR28GOJFIC,gojo vs ficovich,gojo vs ficovich mar 28,kalshi
KXNBASTL-26MAR28UTAPHX,utah at phoenix steals,uta at phx mar 28,kalshi
KXCS2MAP-26MAR29QUAM1X-2,esl challenger league europe cup 3 2026 quazar vs m1x map 2,map 2 qua vs m1x mar 29,kalshi
KXCS2MAP-26MAR29QUAM1X-1,esl challenger league europe cup 3 2026 quazar vs m1x map 1,map 1 qua vs m1x mar 29,kalshi
KXCS2TOTALMAPS-26MAR29QUAM1X,esl challenger league europe cup 3 2026 quazar vs m1x total maps,total maps qua vs m1x mar 29,kalshi
KXMLBHIT-26MAR282110AZLAD,arizona vs los angeles d hits,az vs lad mar 28,kalshi
KXCS2GAME-26MAR29QUAM1X,quazar vs m1x,quazar vs m1x mar 29,kalshi
KXMLBHRR-26MAR282140CLESEA,cleveland vs seattle hits runs rbis,cle vs sea mar 28,kalshi
KXMLBTB-26MAR282140CLESEA,cleveland vs seattle total bases,cle vs sea mar 28,kalshi
KXMLBKS-26MAR282110AZLAD,arizona vs los angeles d strikeouts,az vs lad mar 28,kalshi
KXMLBHIT-26MAR282140CLESEA,cleveland vs seattle hits,cle vs sea mar 28,kalshi
KXMLBHR-26MAR282110AZLAD,arizona vs los angeles d home runs,az vs lad mar 28,kalshi
KXMLBHR-26MAR282140CLESEA,cleveland vs seattle home runs,cle vs sea mar 28,kalshi
KXCS2MAP-26MAR29EXSATR-2,esl challenger league europe cup 3 2026 exsad gaming vs atreides map 2,map 2 exs vs atr mar 29,kalshi
KXCS2MAP-26MAR30LILMIXHER-2,esl challenger league europe cup 3 2026 lilmix vs heroic academy map 2,map 2 lilmix vs her mar 30,kalshi
KXCS2MAP-26MAR29EXSATR-1,esl challenger league europe cup 3 2026 exsad gaming vs atreides map 1,map 1 exs vs atr mar 29,kalshi
KXCS2MAP-26MAR30LILMIXHER-1,esl challenger league europe cup 3 2026 lilmix vs heroic academy map 1,map 1 lilmix vs her mar 30,kalshi
KXCS2MAP-26MAR29TLRDON-2,esl challenger league europe cup 3 2026 the last resort vs donstu esports map 2,map 2 tlr vs don mar 29,kalshi
KXCS2MAP-26MAR29NMRUST-2,esl challenger league europe cup 3 2026 nigel mirage vs rustec map 2,map 2 nm vs rust mar 29,kalshi
KXCS2MAP-26MAR308SPGE-2,esl challenger league europe cup 3 2026 8sins vs pigeons map 2,map 2 8s vs pge mar 30,kalshi
KXCS2MAP-26MAR29TLRDON-1,esl challenger league europe cup 3 2026 the last resort vs donstu esports map 1,map 1 tlr vs don mar 29,kalshi
KXCS2MAP-26MAR29RTEXZ-2,esl challenger league europe cup 3 2026 rethink vs ex zero tenacity map 2,map 2 rt vs exz mar 29,kalshi
KXCS2MAP-26MAR29NMRUST-1,esl challenger league europe cup 3 2026 nigel mirage vs rustec map 1,map 1 nm vs rust mar 29,kalshi
KXCS2MAP-26MAR308SPGE-1,esl challenger league europe cup 3 2026 8sins vs pigeons map 1,map 1 8s vs pge mar 30,kalshi
KXCS2MAP-26MAR29RTEXZ-1,esl challenger league europe cup 3 2026 rethink vs ex zero tenacity map 1,map 1 rt vs exz mar 29,kalshi
KXCS2MAP-26MAR30CSDIILITELI-2,esl challenger league europe cup 3 2026 csdiilit vs elitenergy map 2,map 2 csdiilit vs eli mar 30,kalshi
KXCS2MAP-26MAR30CSDIILITELI-1,esl challenger league europe cup 3 2026 csdiilit vs elitenergy map 1,map 1 csdiilit vs eli mar 30,kalshi
KXCS2TOTALMAPS-26MAR29RTEXZ,esl challenger league europe cup 3 2026 rethink vs ex zero tenacity total maps,total maps rt vs exz mar 29,kalshi
KXCS2TOTALMAPS-26MAR29NMRUST,esl challenger league europe cup 3 2026 nigel mirage vs rustec total maps,total maps nm vs rust mar 29,kalshi
KXCS2TOTALMAPS-26MAR30CSDIILITELI,esl challenger league europe cup 3 2026 csdiilit vs elitenergy total maps,total maps csdiilit vs eli mar 30,kalshi
KXCS2TOTALMAPS-26MAR29TLRDON,esl challenger league europe cup 3 2026 the last resort vs donstu esports total maps,total maps tlr vs don mar 29,kalshi
KXCS2TOTALMAPS-26MAR30LILMIXHER,esl challenger league europe cup 3 2026 lilmix vs heroic academy total maps,total maps lilmix vs her mar 30,kalshi
KXCS2TOTALMAPS-26MAR308SPGE,esl challenger league europe cup 3 2026 8sins vs pigeons total maps,total maps 8s vs pge mar 30,kalshi
KXCS2TOTALMAPS-26MAR29EXSATR,esl challenger league europe cup 3 2026 exsad gaming vs atreides total maps,total maps exs vs atr mar 29,kalshi
KXCS2GAME-26MAR29NMRUST,nigel mirage vs rustec,nigel mirage vs rustec mar 29,kalshi
KXCS2GAME-26MAR29EXSATR,exsad gaming vs atreides,exsad gaming vs atreides mar 29,kalshi
KXCS2GAME-26MAR29TLRDON,the last resort vs donstu esports,the last resort vs donstu esports mar 29,kalshi
KXCS2GAME-26MAR308SPGE,8sins vs pigeons,8sins vs pigeons mar 30,kalshi
KXCS2GAME-26MAR30CSDIILITELI,csdiilit vs elitenergy,csdiilit vs elitenergy mar 30,kalshi
KXCS2GAME-26MAR30LILMIXHER,lilmix vs heroic academy,lilmix vs heroic academy mar 30,kalshi
KXCS2GAME-26MAR29RTEXZ,rethink vs ex zero tenacity,rethink vs ex zero tenacity mar 29,kalshi
KXNBATEAMTOTAL-26MAR29NYKOKC,new york at oklahoma city team totals,nyk vs okc mar 29,kalshi
KXNBATOTAL-26MAR29NYKOKC,new york at oklahoma city total points,nyk at okc mar 29,kalshi
KXNBASPREAD-26MAR29NYKOKC,new york at oklahoma city spread,nyk at okc mar 29,kalshi
KXNBASTL-26MAR28SASMIL,san antonio at milwaukee steals,sas at mil mar 28,kalshi
KXHIGHTOKC-26MAR29,highest temperature in oklahoma city on mar 29 2026,on mar 29 2026,kalshi
KXHIGHTSATX-26MAR29,highest temperature in san antonio on mar 29 2026,on mar 29 2026,kalshi
KXHIGHTLV-26MAR29,highest temperature in las vegas on mar 29 2026,on mar 29 2026,kalshi
KXHIGHTSEA-26MAR29,highest temperature in seattle on mar 29 2026,on mar 29 2026,kalshi
KXHIGHTATL-26MAR29,highest temperature in atlanta on mar 29 2026,on mar 29 2026,kalshi
KXHIGHTDAL-26MAR29,highest temperature in dallas on mar 29 2026,on mar 29 2026,kalshi
KXHIGHTBOS-26MAR29,highest temperature in boston on mar 29 2026,on mar 29 2026,kalshi
KXHIGHNY-26MAR29,highest temperature in nyc on mar 29 2026,on mar 29 2026,kalshi
KXHIGHPHIL-26MAR29,highest temperature in philadelphia on mar 29 2026,on mar 29 2026,kalshi
KXHIGHLAX-26MAR29,highest temperature in la on mar 29 2026,on mar 29 2026,kalshi
KXHIGHTMIN-26MAR29,highest temperature in minneapolis on mar 29 2026,on mar 29 2026,kalshi
KXHIGHTNOLA-26MAR29,highest temperature in new orleans on mar 29 2026,on mar 29 2026,kalshi
KXHIGHTHOU-26MAR29,highest temperature in houston on mar 29 2026,on mar 29 2026,kalshi
KXHIGHTDC-26MAR29,highest temperature in washington dc on mar 29 2026,on mar 29 2026,kalshi
KXHIGHMIA-26MAR29,highest temperature in miami on mar 29 2026,on mar 29 2026,kalshi
KXHIGHAUS-26MAR29,highest temperature in austin on mar 29 2026,on mar 29 2026,kalshi
KXHIGHTPHX-26MAR29,highest temperature in phoenix on mar 29 2026,on mar 29 2026,kalshi
KXHIGHTSFO-26MAR29,highest temperature in san francisco on mar 29 2026,on mar 29 2026,kalshi
KXHIGHCHI-26MAR29,highest temperature in chicago on mar 29 2026,on mar 29 2026,kalshi
KXHIGHDEN-26MAR29,highest temperature in denver on mar 29 2026,on mar 29 2026,kalshi
KXLOWTNYC-26MAR29,lowest temperature in new york city on mar 29 2026,on mar 29 2026,kalshi
KXLOWTMIA-26MAR29,lowest temperature in miami on mar 29 2026,on mar 29 2026,kalshi
KXLOWTPHIL-26MAR29,lowest temperature in philadelphia on mar 29 2026,on mar 29 2026,kalshi
KXLOWTLAX-26MAR29,lowest temperature in los angeles on mar 29 2026,on mar 29 2026,kalshi
KXLOWTAUS-26MAR29,lowest temperature in austin on mar 29 2026,on mar 29 2026,kalshi
KXLOWTDEN-26MAR29,lowest temperature in denver on mar 29 2026,on mar 29 2026,kalshi
KXLOWTCHI-26MAR29,lowest temperature in chicago on mar 29 2026,on mar 29 2026,kalshi
KXMLBKS-26MAR281507ATHTOR,a s vs toronto strikeouts,ath vs tor mar 28,kalshi
KXMLBKS-26MAR282140CLESEA,cleveland vs seattle strikeouts,cle vs sea mar 28,kalshi
KXNBAAST-26MAR28UTAPHX,utah at phoenix assists,uta at phx mar 28,kalshi
KXBTC-26MAR2917,bitcoin price range on mar 29 2026 at 5pm edt,on mar 29 2026 at 5pm edt,kalshi
KXSOLD-26MAR2917,sol price on mar 29 2026 at 5pm edt,on mar 29 2026 at 5pm edt,kalshi
KXSHIBAD-26MAR2917,shiba inu price on mar 29 2026 at 5pm edt,on mar 29 2026 at 5pm edt,kalshi
KXXRP-26MAR2917,ripple price range at mar 29 2026 at 5pm edt,on mar 29 2026 at 5pm edt,kalshi
