keyword,category
xi jinping,person
vladimir putin,person
donald trump,person
angela merkel,person
jeff bezos,person
pope francis,person
bill gates,person
mohammed bin salman,person
narendra modi,person
larry page,person
jerome powell,person
emmanuel macron,person
mark zuckerberg,person
theresa may,person
li keqiang,person
warren buffett,person
ali khamenei,person
mario draghi,person
jamie dimon,person
carlos slim,person
jack,person
christine lagarde,person
doug mcmillon,person
tim cook,person
elon musk,person
benjamin netanyahu,person
huateng,person
larry fink,person
akio toyoda,person
john l. flannery,person
antónio guterres,person
mukesh ambani,person
jean-claude juncker,person
darren woods,person
sergey brin,person
kim jong-un,person
charles koch,person
shinzo abe,person
rupert murdoch,person
satya nadella,person
jim yong kim,person
stephen a. schwarzman,person
khalifa bin zayed al nahyan,person
haruhiko kuroda,person
abdul fatah khalil al-sisi,person
li ka-shing,person
lloyd blankfein,person
recep tayyip erdogan,person
bob iger,person
michel temer,person
michael bloomberg,person
wang jianlin,person
mary barra,person
moon jae-in,person
masayoshi son,person
bernard arnault,person
justin trudeau,person
robin li,person
michael dell,person
hui ka yan,person
lee hsien loong,person
bashar al-assad,person
john roberts,person
enrique peña nieto,person
kenneth c. griffin,person
aliko dangote,person
mike pence,person
qamar javed bajwa,person
rodrigo duterte,person
abigail johnson,person
reed hastings,person
robert mueller,person
abu bakr al-baghdadi,person
joko widodo,person
gianni infantino,person
amazon,company
walmart,company
state grid corporation china,company
saudi aramco,company
china national petroleum corporation,company
china petrochemical corporation,company
apple,company
alphabet,company
unitedhealth group,company
berkshire hathaway,company
cvs health,company
volkswagen group,company
exxonmobil,company
vitol,company
shell,company
china state construction engineering,company
toyota,company
mckesson,company
microsoft,company
cencora,company
trafigura,company
costco,company
jpmorgan chase,company
industrial commercial bank china,company
totalenergies,company
glencore,company
nvidia,company
bp,company
cardinal health,company
stellantis,company
chevron,company
china construction bank,company
samsung electronics,company
foxconn,company
cigna,company
agricultural bank china,company
schwarz gruppe,company
china railway engineering corporation,company
cargill,company
ford motor company,company
bank china,company
bank america,company
general motors,company
elevance health,company
bmw group,company
mercedes-benz group,company
meta platforms,company
china railway construction corporation,company
baowu,company
citigroup,company
alabama,geography
alaska,geography
arizona,geography
arkansas,geography
california,geography
colorado,geography
connecticut,geography
delaware,geography
florida,geography
georgia,geography
hawaii,geography
idaho,geography
illinois,geography
indiana,geography
iowa,geography
kansas,geography
kentucky,geography
louisiana,geography
maine,geography
maryland,geography
massachusetts,geography
michigan,geography
minnesota,geography
mississippi,geography
missouri,geography
montana,geography
nebraska,geography
nevada,geography
new hampshire,geography
new jersey,geography
new mexico,geography
new york,geography
north carolina,geography
north dakota,geography
ohio,geography
oklahoma,geography
oregon,geography
pennsylvania,geography
rhode island,geography
south carolina,geography
south dakota,geography
tennessee,geography
texas,geography
utah,geography
vermont,geography
virginia,geography
washington,geography
west virginia,geography
wisconsin,geography
wyoming,geography
al,geography
ak,geography
az,geography
ar,geography
ca,geography
co,geography
ct,geography
de,geography
fl,geography
ga,geography
hi,geography
id,geography
il,geography
ia,geography
ks,geography
ky,geography
la,geography
md,geography
mi,geography
mn,geography
ms,geography
mo,geography
mt,geography
ne,geography
nv,geography
nh,geography
nj,geography
nm,geography
ny,geography
nc,geography
nd,geography
oh,geography
ok,geography
pa,geography
ri,geography
sc,geography
sd,geography
tn,geography
tx,geography
ut,geography
vt,geography
va,geography
wa,geography
wv,geography
wi,geography
wy,geography
montgomery,geography
juneau,geography
phoenix,geography
little rock,geography
sacramento,geography
denver,geography
hartford,geography
dover,geography
tallahassee,geography
atlanta,geography
honolulu,geography
boise,geography
springfield,geography
indianapolis,geography
des moines,geography
topeka,geography
frankfort,geography
baton rouge,geography
augusta,geography
annapolis,geography
boston,geography
lansing,geography
saint paul,geography
jackson,geography
jefferson city,geography
helena,geography
lincoln,geography
carson city,geography
concord,geography
trenton,geography
santa fe,geography
albany,geography
raleigh,geography
bismarck,geography
columbus,geography
oklahoma city,geography
salem,geography
harrisburg,geography
providence,geography
columbia,geography
pierre,geography
nashville,geography
austin,geography
salt lake city,geography
montpelier,geography
richmond,geography
olympia,geography
charleston,geography
madison,geography
cheyenne,geography
huntsville,geography
anchorage,geography
los angeles,geography
bridgeport,geography
wilmington,geography
jacksonville,geography
chicago,geography
wichita,geography
louisville,geography
new orleans,geography
portland,geography
baltimore,geography
detroit,geography
minneapolis,geography
kansas city,geography
billings,geography
omaha,geography
las vegas,geography
manchester,geography
newark,geography
albuquerque,geography
new york city,geography
charlotte,geography
fargo,geography
philadelphia,geography
sioux falls,geography
houston,geography
burlington,geography
virginia beach,geography
seattle,geography
milwaukee,geography
china,geography
russia,geography
united states,geography
germany,geography
vatican city/ argentina,geography
saudi arabia,geography
india,geography
france,geography
united kingdom,geography
iran,geography
italy,geography
mexico,geography
south africa canada united states,geography
israel,geography
japan,geography
portugal,geography
luxemburg,geography
north korea,geography
united arab emirates,geography
egypt,geography
hong kong,geography
turkey,geography
brazil,geography
south korea,geography
canada,geography
singapore,geography
ba'athist syria,geography
nigeria,geography
pakistan,geography
philippines,geography
iraq,geography
indonesia,geography
switzerland,geography
bitcoin,crypto
litecoin,crypto
namecoin,crypto
peercoin,crypto
dogecoin,crypto
gridcoin,crypto
primecoin,crypto
ripple,crypto
nxt,crypto
auroracoin,crypto
dash,crypto
neo,crypto
mazacoin,crypto
monero,crypto
titcoin,crypto
verge,crypto
stellar,crypto
vertcoin,crypto
ethereum,crypto
ethereum classic,crypto
nano,crypto
tether,crypto
firo,crypto
zcash,crypto
bitcoin cash,crypto
eos.io,crypto
cardano,crypto
tron,crypto
ambacoin,crypto
nervos network,crypto
algorand,crypto
avalanche,crypto
shiba inu,crypto
polkadot,crypto
solana,crypto
deso,crypto
safemoon,crypto
arkham intel exchange,crypto
btc,crypto
xbt,crypto
ltc,crypto
nmc,crypto
ppc,crypto
doge,crypto
xdg,crypto
grc,crypto
xpm,crypto
xrp,crypto
,crypto
aur,crypto
,crypto
mzc,crypto
xmr,crypto
tit,crypto
xvg,crypto
xlm,crypto
vtc,crypto
eth,crypto
etc,crypto
xno,crypto
usdt,crypto
,crypto
zec,crypto
bch,crypto
eos,crypto
ada,crypto
trx,crypto
ckb,crypto
algo,crypto
avax,crypto
shib,crypto
dot,crypto
sol,crypto
,crypto
,crypto
arkm,crypto
january,month
february,month
march,month
april,month
may,month
june,month
july,month
august,month
september,month
october,month
november,month
december,month
senate,political
house representatives,political
congress,political
president,political
presidential,political
supreme court,political
legislature,political
judiciary,political
executive,political
independent,political
fed,econ
federal reserve,econ
gdp,econ
cpi,econ
inflation,econ
interest rate,econ
unemployment,econ
recession,econ
bull market,econ
bear market,econ
fiscal policy,econ
monetary policy,econ
s&p 500,econ
nasdaq,econ
dow jones,econ
yield curve,econ
quantitative easing,econ
nyse,econ
hibatullah akhundzada,person
bajram begaj,person
abdelmadjid tebboune,person
prince – josep-lluís serrano pentinat co-prince's representative – eduard ibáñez french co-prince – emmanuel macron co-prince's representative – georges-françois leclerc,person
joão lourenço,person
charles iii governor-general – sir rodney williams,person
javier milei,person
vahagn khachaturyan,person
charles iii governor-general – sam mostyn,person
alexander van der bellen,person
ilham aliyev,person
charles iii governor-general – dame cynthia a. pratt,person
sheikh hamad bin isa al khalifa,person
mohammed shahabuddin,person
jeffrey bostic,person
belarusian people's assembly – alexander lukashenko,person
alexander lukashenko,person
philippe,person
charles iii governor-general – dame froyla tzalam,person
patrice talon,person
jigme khesar namgyel wangchuck,person
rodrigo paz,person
christian schmidt,person
presidency,person
members: denis bećirović chairman željka cvijanović željko komšić,person
duma boko,person
luiz inácio lula da silva,person
hassanal bolkiah,person
iliana iotova,person
ibrahim traoré,person
évariste ndayishimiye,person
hun sen,person
norodom sihamoni,person
paul biya,person
charles iii governor general – mary simon,person
josé maria neves,person
faustin-archange touadéra,person
mahamat déby,person
josé antonio kast,person
gustavo petro,person
azali assoumani,person
félix tshisekedi,person
denis sassou nguesso,person
rodrigo chaves robles,person
elect – laura fernández delgado,person
zoran milanović,person
miguel díaz-canel,person
nikos christodoulides,person
petr pavel,person
frederik,person
ismaïl omar guelleh,person
sylvanie burton,person
luis abinader,person
daniel noboa,person
abdel fattah el-sisi,person
nayib bukele,person
teodoro obiang nguema mbasogo,person
isaias afwerki,person
alar karis,person
mswati,person
ntfombi,person
taye atske selassie,person
ratu naiqama lalabalavu,person
alexander stubb,person
brice oligui nguema,person
adama barrow,person
bidzina ivanishvili,person
mikheil kavelashvili,person
frank-walter steinmeier,person
john mahama,person
konstantinos tasoulas,person
charles iii governor-general – dame cécile la grenade,person
bernardo arévalo,person
mamady doumbouya,person
horta na man,person
irfaan ali,person
alix didier fils-aimé,person
nasry asfura,person
tamás sulyok,person
halla tómasdóttir,person
droupadi murmu,person
prabowo subianto,person
mojtaba khamenei,person
abdul latif rashid,person
catherine connolly,person
isaac herzog,person
sergio mattarella,person
alassane ouattara,person
charles iii governor-general – sir patrick allen,person
naruhito,person
abdullah,person
kassym-jomart tokayev,person
william ruto,person
taneti maamau,person
sheikh mishal al-ahmad al-jaber al-sabah,person
sadyr japarov,person
thongloun sisoulith,person
edgars rinkēvičs,person
joseph aoun,person
letsie,person
joseph boakai,person
mohamed al-menfi,person
hans-adam,person
hereditary prince alois,person
gitanas nausėda,person
guillaume,person
foundation republic – michael randrianirina,person
michael randrianirina,person
peter mutharika,person
sultan ibrahim iskandar,person
mohamed muizzu,person
assimi goïta,person
myriam spiteri debono,person
hilda heine,person
mohamed ould ghazouani,person
dharam gokhool,person
claudia sheinbaum,person
wesley simina,person
maia sandu,person
albert,person
ukhnaagiin khürelsükh,person
jakov milatović,person
mohammed,person
daniel chapo,person
min aung hlaing,person
netumbo nandi-ndaitwah,person
david adeang,person
ram chandra poudel,person
willem-alexander,person
charles iii governor-general – dame cindy kiro,person
presidents – daniel ortega rosario murillo,person
abdourahamane tchiani,person
bola tinubu,person
kim jong un,person
gordana siljanovska-davkova,person
harald,person
haitham bin tariq,person
asif ali zardari,person
surangel whipps jr.,person
mahmoud abbas,person
josé raúl mulino,person
charles iii governor-general – sir bob dadae,person
santiago peña,person
josé maría balcázar,person
bongbong marcos,person
karol nawrocki,person
antónio josé seguro,person
sheikh tamim bin hamad al thani,person
nicușor dan,person
paul kagame,person
charles iii governor-general – dame marcella liburd,person
charles iii governor-general – sir errol charles,person
charles iii governor-general – sir stanley john,person
afioga tuimalealiʻifano vaʻaletoʻa sualauvi,person
matteo rossi captain-regent-elect – alice mina,person
lorenzo bugli captain-regent-elect – vladimiro selva,person
carlos vila nova,person
salman,person
bassirou diomaye faye,person
aleksandar vučić,person
patrick herminie,person
julius maada bio,person
tharman shanmugaratnam,person
peter pellegrini,person
nataša pirc musar,person
charles iii governor-general – sir david tiva kapu,person
hassan sheikh mohamud,person
cyril ramaphosa,person
lee jae myung,person
salva kiir mayardit,person
felipe,person
anura kumara dissanayake,person
transitional sovereignty council,person
burhan chairman,person
din kabbashiyasser al-attaibrahim jabir karimel tahrir abubakr hajarraja nicolaaboulgasim mohamed burtumyousef jad karimabdelbagi al-zubeirsalma abdeljabbar,person
jennifer geerlings-simons,person
carl xvi gustaf,person
federal council,person
sutter albert rösti élisabeth baume-schneider beat jans martin pfister chancellor – viktor rossi,person
ahmed al-sharaa,person
emomali rahmon,person
samia suluhu hassan,person
maha vajiralongkorn,person
josé ramos-horta,person
jean-lucien savi de tové,person
tupou,person
christine kangaloo,person
kaïs saïed,person
recep tayyip erdoğan,person
gurbanguly berdimuhamedow,person
serdar berdimuhamedow,person
charles iii governor-general – sir tofiga vaevalu falani,person
yoweri museveni,person
volodymyr zelenskyy,person
sheikh mohamed bin zayed al nahyan,person
charles,person
yamandú orsi,person
shavkat mirziyoyev,person
nikenike vurobaravu,person
leo,person
nicolás maduro,person
delcy rodríguez,person
tô lâm,person
lương cường,person
rashad al-alimi,person
hakainde hichilema,person
emmerson mnangagwa,person
hasan akhund,person
edi rama,person
sifi ghrieb,person
xavier espot,person
gaston browne,person
nikol pashinyan,person
anthony albanese,person
christian stocker,person
ali asadov,person
philip davis,person
prince salman bin hamad al khalifa,person
tarique rahman,person
mia mottley,person
aleksandr turchin,person
bart de wever,person
johnny briceño,person
tshering tobgay,person
borjana krišto,person
andrey gyurov,person
jean emmanuel ouédraogo,person
nestor ntahontuye,person
hun manet,person
joseph ngute,person
mark carney,person
ulisses correia e silva,person
félix moloua,person
allamaye halina,person
li qiang,person
judith suminwa,person
anatole collinet makosso,person
andrej plenković,person
manuel marrero cruz,person
andrej babiš,person
mette frederiksen,person
roosevelt skerrit,person
mostafa madbouly,person
manuel osa nsue nsua,person
kristen michal,person
russell dlamini,person
abiy ahmed,person
sitiveni rabuka,person
petteri orpo,person
sébastien lecornu,person
irakli kobakhidze,person
friedrich merz,person
kyriakos mitsotakis,person
dickon mitchell,person
bah oury,person
ilídio vieira té,person
viktor orbán,person
kristrún frostadóttir,person
masoud pezeshkian,person
mohammed shia' al-sudani,person
micheál martin,person
giorgia meloni,person
robert beugré mambé,person
andrew holness,person
sanae takaichi,person
jafar hassan,person
oljas bektenov,person
ahmad al-abdullah al-sabah,person
sonexay siphandone,person
evika siliņa,person
nawaf salam,person
sam matekane,person
abdul hamid dbeibeh,person
brigitte haas,person
inga ruginienė,person
luc frieden,person
mamitiana rajaonarison,person
anwar ibrahim,person
robert abela,person
mokhtar ould djay,person
navin ramgoolam,person
alexandru munteanu,person
christophe mirmand,person
gombojavyn zandanshatar,person
milojko spajić,person
aziz akhannouch,person
nyo saw,person
balendra shah,person
rob jetten,person
christopher luxon,person
ali lamine zeine,person
pak thae-song,person
hristijan mickoski,person
jonas gahr støre,person
shehbaz sharif,person
mohammad mustafa,person
james marape,person
donald tusk,person
luís montenegro,person
sheikh mohammed bin abdulrahman al thani,person
ilie bolojan,person
mikhail mishustin,person
justin nsengiyumva,person
terrance drew,person
philip j. pierre,person
godwin friday,person
laʻauli leuatea schmidt,person
luca beccari,person
américo ramos,person
ousmane sonko,person
đuro macut,person
lawrence wong,person
robert fico,person
robert golob,person
jeremiah manele,person
hamza abdi barre,person
pedro sánchez,person
kamil idris,person
ulf kristersson,person
kokhir rasulzoda,person
anutin charnvirakul,person
xanana gusmão,person
faure gnassingbé,person
fatafehi fakafānua,person
kamla persad-bissessar,person
sara zaafarani,person
feleti teo,person
yulia svyrydenko,person
sheikh mohammed bin rashid al maktoum,person
keir starmer,person
abdulla aripov,person
jotham napat,person
sister raffaella petrini,person
phạm minh chính,person
shaya al-zindani,person
afghanistan,geography
albania,geography
algeria,geography
andorra,geography
angola,geography
antigua barbuda,geography
argentina,geography
armenia,geography
australia,geography
austria,geography
azerbaijan,geography
bahamas,geography
bahrain,geography
bangladesh,geography
barbados,geography
belarus,geography
belgium,geography
belize,geography
benin,geography
bhutan,geography
bolivia,geography
bosnia herzegovina,geography
botswana,geography
brunei,geography
bulgaria,geography
burkina faso,geography
burundi,geography
cambodia,geography
cameroon,geography
cape verde,geography
central african republic,geography
chad,geography
chile,geography
colombia,geography
comoros,geography
congo democratic republic,geography
congo republic,geography
costa rica,geography
croatia,geography
cuba,geography
cyprus,geography
czech republic,geography
denmark,geography
djibouti,geography
dominica,geography
dominican republic,geography
ecuador,geography
el salvador,geography
equatorial guinea,geography
eritrea,geography
estonia,geography
eswatini,geography
ethiopia,geography
fiji,geography
finland,geography
gabon,geography
gambia,geography
ghana,geography
greece,geography
grenada,geography
guatemala,geography
guinea,geography
guinea-bissau,geography
guyana,geography
haiti,geography
honduras,geography
hungary,geography
iceland,geography
ireland,geography
ivory coast,geography
jamaica,geography
jordan,geography
kazakhstan,geography
kenya,geography
kiribati,geography
kuwait,geography
kyrgyzstan,geography
laos,geography
latvia,geography
lebanon,geography
lesotho,geography
liberia,geography
libya,geography
liechtenstein,geography
lithuania,geography
luxembourg,geography
madagascar,geography
malawi,geography
malaysia,geography
maldives,geography
mali,geography
malta,geography
marshall islands,geography
mauritania,geography
mauritius,geography
micronesia federated states,geography
moldova,geography
monaco,geography
mongolia,geography
montenegro,geography
morocco,geography
mozambique,geography
myanmar,geography
namibia,geography
nauru,geography
nepal,geography
netherlands,geography
new zealand,geography
nicaragua,geography
niger,geography
north macedonia,geography
norway,geography
oman,geography
palau,geography
palestine,geography
panama,geography
papua new guinea,geography
paraguay,geography
peru,geography
poland,geography
qatar,geography
romania,geography
rwanda,geography
saint kitts nevis,geography
saint lucia,geography
saint vincent grenadines,geography
samoa,geography
san marino,geography
são tomé príncipe,geography
senegal,geography
serbia,geography
seychelles,geography
sierra leone,geography
slovakia,geography
slovenia,geography
solomon islands,geography
somalia,geography
south africa,geography
south sudan,geography
spain,geography
sri lanka,geography
sudan,geography
suriname,geography
sweden,geography
syria,geography
tajikistan,geography
tanzania,geography
thailand,geography
timor-leste,geography
togo,geography
tonga,geography
trinidad tobago,geography
tunisia,geography
turkmenistan,geography
tuvalu,geography
uganda,geography
ukraine,geography
uruguay,geography
uzbekistan,geography
vanuatu,geography
vatican city holy see,geography
venezuela,geography
vietnam,geography
yemen,geography
zambia,geography
zimbabwe,geography
cycling,sport
formula one,sport
horse racing,sport
nascar,sport
long-distance running,sport
swimming,sport
track field: decathlon,sport
track field: javelin throw,sport
track field : middle-distance running,sport
track field : overall,sport
track field: pole vault,sport
track field: shot put,sport
track field : sprinting,sport
american football,sport
association football,sport
australian rules football,sport
badminton,sport
baseball,sport
basketball,sport
box lacrosse,sport
canadian football,sport
cricket,sport
golf,sport
field hockey,sport
futsal,sport
ice hockey,sport
lacrosse,sport
rugby league,sport
rugby union,sport
softball,sport
squash,sport
table tennis,sport
tennis,sport
volleyball : beach indoor variants,sport
boxing,sport
brazilian jiu-jitsu,sport
collegiate wrestling,sport
fencing,sport
freestyle wrestling,sport
greco-roman wrestling,sport
judo,sport
karate,sport
mma,sport
sumo,sport
biathlon,sport
cross-country skiing,sport
skateboarding,sport
skiing,sport
ski jumping,sport
snowboarding,sport
surfing,sport
chess,sport
speedcubing,sport
fortnite,sport
league legends,sport
overwatch,sport
rocket league,sport
archery,sport
curling,sport
darts,sport
horseshoes,sport
pool,sport
snooker,sport
tenpin bowling,sport
goalball,sport
para cross-country skiing,sport
paralympics,sport
wheelchair basketball,sport
competitive eating,sport
gymnastics,sport
olympic weightlifting,sport
bobsleigh,sport
muhammad ali,person
simone biles,person
usain bolt,person
tom brady,person
roger federer,person
wayne gretzky,person
bo jackson,person
michael jordan,person
lionel messi,person
michael phelps,person
jim thorpe,person
serena williams,person
eddy merckx,person
lewis hamilton,person
michael schumacher,person
ayrton senna,person
lester piggott,person
bill shoemaker,person
tony mccoy,person
ruby walsh,person
frankel,person
man o' war,person
secretariat,person
arkle,person
dale earnhardt,person
jimmie johnson,person
richard petty,person
eliud kipchoge,person
paula radcliffe,person
katie ledecky,person
ashton eaton,person
jan železný,person
hicham el guerrouj,person
faith kipyegon,person
carl lewis,person
jesse owens,person
allyson felix,person
kersee,person
armand duplantis,person
ryan crouser,person
ann fraser-pryce,person
jim brown,person
jerry rice,person
diego maradona,person
pelé,person
cristiano ronaldo,person
mia hamm,person
marta,person
leigh matthews,person
wayne carey,person
lin dan,person
willie mays,person
shohei ohtani,person
babe ruth,person
jabbar,person
lebron james,person
bill russell,person
diana taurasi,person
a'ja wilson,person
john tavares,person
doug flutie,person
bradman,person
sachin tendulkar,person
jack nicklaus,person
tiger woods,person
dhyan chand,person
luciana aymar,person
falcão,person
gordie howe,person
philip poulin,person
gary gait,person
cameron smith,person
gareth edwards,person
jonah lomu,person
richie mccaw,person
lisa fernandez,person
jahangir khan,person
long,person
novak djokovic,person
rod laver,person
rafael nadal,person
margaret court,person
steffi graf,person
martina navratilova,person
karch kiraly,person
sugar ray robinson,person
laila ali,person
claressa shields,person
katie taylor,person
roger gracie,person
cael sanderson,person
edoardo mangiarotti,person
buvaisar saitiev,person
kaori icho,person
saori yoshida,person
aleksandr karelin,person
mijaín lópez,person
teddy riner,person
ryoko tani,person
rafael aghayev,person
demetrious johnson,person
jon jones,person
anderson silva,person
cris cyborg,person
amanda nunes,person
hakuhō shō,person
ole einar bjørndalen,person
johannes høsflot klæbo,person
tony hawk,person
ingemar stenmark,person
mikaela shiffrin,person
matti nykänen,person
terje håkonsen,person
craig kelly,person
shaun white,person
kelly slater,person
magnus carlsen,person
garry kasparov,person
feliks zemdegs,person
bugha,person
peterbot,person
faker,person
fleta,person
profit,person
turbopolsa,person
jin,person
sara lópez,person
kevin martin,person
phil taylor,person
alan francis,person
efren reyes,person
ronnie o'sullivan,person
earl anthony,person
walter ray williams jr.,person
sevda altunoluk,person
brian mckeever,person
sarah storey,person
trischa zorn,person
patrick anderson,person
joey chestnut,person
miki sudo,person
kohei uchimura,person
lasha talakhadze,person
eugenio monti,person
virat kohli,person
muttiah muralitharan,person
dan carter,person
sam altman,person
greg brockman,person
ilya sutskever,person
dario amodei,person
daniela amodei,person
jared kaplan,person
jack clark,person
ben mann,person
zhang yiming,person
liang rubo,person
patrick john collison,person
ali ghodsi,person
changpeng zhao,person
nikolay storonsky,person
vlad yatsenko,person
chris xu,person
melanie perkins,person
cliff obrecht,person
cameron adams,person
brett adcock,person
daniel gross,person
daniel levy,person
tim sweeney,person
palmer luckey,person
trae stephens,person
matt grimm,person
joe chen,person
brian schimpf,person
vik bajaj,person
nikolai pavel durov,person
michael truell,person
sualeh asif,person
arvid lunnemark aman sanger,person
alexandr wang,person
lucy guo,person
alan trager,person
mitch trager,person
michael rubin,person
chris britt,person
ryan king,person
andrew feldman,person
sean lie,person
aravind srinivas,person
denis yarats,person
johnny ho,person
andy konwinski,person
hamdi ulukaya,person
jonathan ross,person
andrey khusid,person
thomas jonas,person
mark kozubal,person
yuval avniel,person
rich macur,person
daniel livny,person
matthew strongin,person
demet mutlu,person
yong li,person
jason citron,person
stanislav vishnevsky,person
frank wang wang tao,person
yakir gola,person
rafael ilishayev,person
arthur mensch,person
guillaume lample,person
timothée lacroix,person
miranda qu fang,person
charlwin mao wenchao,person
torsten reil,person
gundbert scherf,person
niklas köhler,person
zach perret,person
william hockey,person
devin finzer,person
chris maddern,person
alex shevchenko,person
max lytvyn,person
dmytro lider,person
todd park,person
max rhodes,person
duránd f. davis jr.,person
maya elz davis,person
henrique dubugras pedro franceschi,person
daniel nadler,person
mira murati,person
osman kibar,person
jihan wu,person
hayes barnard,person
jason walker,person
matt dawson,person
tang xiao'ou xu li,person
nazım salur,person
peter carlsson,person
paolo cerrutim,person
harald mix,person
carl-erik lagercrantz,person
grant lafontaine ceo,person
logan head,person
parker conrad,person
howie liu,person
andrew ofstad,person
emmett nicholas,person
guillaume pousaz,person
alex rinke,person
bastian nominacher,person
martin klenk,person
ryan breslow,person
winston weinberg,person
gabriel pereyra,person
tang rui,person
ankur jain,person
scott wu,person
steven hao,person
walden yan,person
george churchm,person
ben lamm,person
joe lau nikil viswanathan,person
brendan foody,person
adarsh hiremath,person
surya midha,person
joshua reeves edward kim,person
cristina fonseca,person
tiago paiva,person
ritesh agarwal,person
paulo rosado,person
rui pereira,person
guillermo rauch,person
david hindawi,person
orion hindawi,person
ilkka paananen mikko kodisoja,person
assaf hefetz,person
danny grander,person
markus villig,person
harsh jain,person
bhavit sheth,person
ryan petersen,person
eli ben-sasson,person
michael riabzev,person
uri kolodny,person
alessandro chiesa,person
sanjay beri,person
lebin cheng,person
ravi ithal,person
krishna narayanaswamy,person
harshil mathur,person
shashank kumar,person
henry ward,person
bhavish aggarwal,person
ankit bhati,person
ariel cohen ilan twig,person
jeremy o'brienterry rudolphpeter shadboltmark thompson,person
aidan gomez,person
ivan zhang,person
nick frosst,person
lee su-jin,person
anton osika,person
fabian hedin,person
sebastian siemiatkowski,person
niklas adalberth,person
victor jacobsson,person
kunal shah,person
jack hidaryeric schmidt,person
johanna småros,person
mikko kärkkäinen,person
michael falck,person
siddharth shah,person
nandan reddy,person
sriharsha majety,person
sameer nigam,person
rahul chari,person
david kirtley,person
john slough,person
chris pihl,person
george votroubek,person
james peng,person
tiancheng lou,person
petteri lahtela,person
kari kivelä,person
markku koskela,person
pieter de leenheer,person
felix van de maele,person
stijn christiaens,person
josh silberstein carlos cashman,person
bhuvan gupta,person
vasant sridhar,person
ruchi kalra,person
nitin jain,person
asish mohapatra,person
steven lloyd,person
yat siu,person
lokvir kapoor,person
rajul garg,person
tarun upaday,person
vidit aatrey,person
sanjeev barnwal,person
milda mitkutė,person
justas janauskas,person
sid gupta,person
zunu mittal,person
sourabh mahajan,person
evan reiser,person
sanjay jeyakumar,person
jaakko kokko,person
raj neervannan,person
ritesh arora,person
nakul aggarwal,person
paul davison rohan seth,person
jack conte,person
sam yam,person
ankush sachdeva,person
bhanu pratap singh,person
farid ahsan,person
kamesh goyal,person
vikram chopra,person
mehul agrawal,person
gajendra jangid ruchit agarwal,person
ravi kumar,person
kavitha subramanian,person
shrini viswanath,person
gaurav munjal,person
justin borgman,person
matt fuller,person
kamil bajda-pawlikowski,person
anu sudarsan,person
wojciech biela,person
grzegorz kokosiński,person
lukasz osipiuk,person
martin traverso,person
marco zappacosta,person
martin basiri,person
massi basiri,person
meti basiri,person
filip kailiszan,person
james ren,person
benjamin bercowitz,person
hans robertson,person
vaibhav gupta,person
amod malviya,person
sujeet kumar,person
amjad masad,person
faris masad,person
haya odeh,person
matt mullenweg,person
tope awotona,person
lalit keshre,person
ishan bansal,person
neeraj singh,person
hannu valtonen,person
heikki nousiainen,person
oskari saarenmaa,person
ashneer grover,person
samir bodas,person
monish darda.,person
shiv rao,person
phil kwok,person
dom kwok,person
yoni assia,person
ronen assia,person
david ring,person
aaditya sharda,person
souvik sengupta,person
ido susan,person
hillel kobrinsky,person
peyush bansal,person
amit chaudhary,person
sumeet kapahi,person
nagarjuna venna,person
stephen boyer,person
huh min,person
andrew adams,person
alex garden,person
julia collins,person
ghislain de fontenay,person
firmin zoccchetto,person
florian fournier,person
kamal quadir,person
kevin guo,person
dmitriy karpman,person
patricio jutard,person
michael acton smith,person
alex tew,person
virgílio bento,person
márcio colunas,person
anant bhardwaj,person
ashish singhal,person
vimal sagar tiwari,person
govind soni,person
m.n. srinivasu,person
ajay kaushal,person
karthik ganapathy,person
niraj singh,person
ramanshu mahaur,person
ganesh pawar,person
mohit gupta,person
jyoti bansal,person
iman abuzeid,person
rome portlock,person
sebastian thrun,person
tim shi,person
zayd enam,person
tom okman,person
eimantas sabaliauskas,person
jonas karklys,person
luke anear,person
christina cacioppo,person
mukesh bansal,person
ankit nagori,person
michel tricot,person
john lafleur,person
christopher pedregal,person
sam stephenson,person
marcelo lebre,person
job van der voort,person
anurag goel,person
pratik gauri,person
mostafa kandil,person
bhavin turakhia,person
ramki gaddipati,person
tim doyle charlie gearside benny kleist alexey mitko,person
anurag sinha,person
rupesh kumar,person
vaibhav hathi,person
peer åström,person
david stenmarck,person
oscar höglund,person
jan zachrisson,person
timothy hwang,person
gerald yao,person
jonathan chen,person
jack naglieri,person
nuno sebastião,person
tim handorf,person
godard abel,person
matt gorniak,person
mark myers,person
mike wheeler,person
abhinav shashank,person
kanav hasija,person
sandeep gupta,person
omair tariq,person
remington tonar,person
stefania mallett,person
briscoe rodgers,person
hande çilingir,person
varun alagh ghazal alagh,person
satyen sangani,person
aaron kalb,person
feng niu,person
venky ganti,person
sandeep aggarwal,person
ashik ahmed steve shelley,person
alakh pandey,person
sumit gupta,person
neeraj khandelwal,person
manish taneja,person
rahul dash,person
chris best,person
hamish mckenzie,person
jairaj sethi,person
charles égly,person
geoffroy guigou,person
bryan de lottinville,person
ashraf sabry,person
deepak garg,person
gazal kalra,person
james proud,person
daniel de freitas,person
noam shazeer,person
arik liberzon,person
arik faingold,person
bruce lahn,person
kristofer mussar,person
ben francis,person
lewis morgan,person
sam chaudhary,person
liam,person
chris altchek,person
karl siebrecht,person
michael cassau,person
justinas šimkus,person
simonas orkinas,person
dmitry gurski,person
yuri gurski,person
silvio kutić,person
izabel jelenić,person
roberto kutić,person
eric chen,person
albert chon,person
naveen tewari,person
mohit saxena,person
amit gupta abhay singhal,person
nick kenner,person
kendra scott,person
abhay hanjura,person
vivek gupta,person
scott lynn,person
rahul garg,person
akhil gupta,person
amit agarwal,person
saurabh garg,person
jun hasegawa,person
ezra harinsut,person
mikita mikado,person
sergey barysiuk,person
sagi gidali,person
amit bareket,person
hovhannes avoyan,person
artavazd mehrabyan,person
mikayel vardanyan,person
laura behrens wu,person
simon kreuz,person
rohit bansal,person
kunal bahl,person
frank wolf,person
lutz gerlach,person
martin böhringer,person
lourdes agapito,person
matthias niessner,person
victor riparbelli,person
steffen tjerrild,person
mathis büchi,person
lino teuteberg,person
fred fady helou,person
virendra gupta,person
brian murphy,person
tanvir mishuk,person
samuel mueller,person
christian floerkemeier,person
christof roduner,person
jim rosenthal,person
chris meissner,person
jim thompson,person
arun sankaran,person
andrew chau,person
jeff adamson,person
kris read,person
reed mcginley-stempel,person
julianna lamb,person
risto virkkala,person
jean-francois baril,person
jan goetz,person
mikko möttönen,person
kuan yen tan,person
juha vartiainen,person
marcus räder,person
saber kordestanchi,person
mikko nurminen,person
ahmed faruk karslı,person
mounir nakhla,person
ahmed mohsen,person
spacex,company
openai,company
anthropic,company
bytedance,company
stripe,company
databricks,company
binance,company
revolut,company
shein,company
canva,company
figure ai,company
ramp,company
safe superintelligence,company
epic games,company
anduril industries,company
vast data,company
project prometheus,company
telegram,company
anysphere,company
scale ai,company
fanatics,company
chime,company
cerebras,company
perplexity ai,company
chobani,company
groq,company
miro,company
nature's fynd,company
trendyol,company
yuanfudao,company
discord,company
dji,company
gopuff,company
mistral ai,company
xiaohongshu,company
helsing,company
plaid,company
opensea,company
grammarly,company
devoted health,company
faire,company
labs,company
brex,company
openevidence,company
thinking machines lab,company
biosplice therapeutics,company
bitmain,company
goodleap,company
sensetime,company
getir,company
northvolt,company
whatnot,company
rippling,company
airtable,company
checkout.com,company
celonis,company
bolt financial,company
harvey,company
zongmu technology,company
bilt rewards,company
cognition ai,company
colossal biosciences,company
alchemy,company
chehaoduo,company
digital currency group,company
mercor,company
gusto,company
kucoin,company
lalamove,company
notion labs,company
polygon technology,company
talkdesk,company
oyo,company
klaviyo,company
outsystems,company
servicetitan,company
vercel,company
heytea,company
neuralink,company
tanium,company
kavak,company
rapyd,company
supercell,company
nuro,company
snyk,company
bolt,company
dream11,company
flexport,company
airwallex,company
starkware industries,company
hopin,company
dapper labs,company
zipline,company
netskope,company
razorpay,company
carta,company
ola consumer,company
gong,company
tripactions,company
psiquantum,company
automation anywhere,company
1password,company
wedoctor,company
cohere,company
yanolja,company
ziroom,company
lovable,company
klarna,company
mollie,company
cred,company
datarobot,company
personio,company
doctolib,company
lianjia homelink,company
icapital,company
xingsheng youxuan,company
sandboxaq,company
back market,company
boring company,company
vice media,company
relex,company
contentsquare,company
fivetran,company
pharmeasy,company
postman,company
swiggy,company
phonepe,company
viva republica toss,company
helion energy,company
pony.ai,company
trade republic,company
rappi,company
oura health,company
blockchain.com,company
onetrust,company
sambanova,company
collibra,company
thrasio,company
cloudkitchens,company
hello transtech,company
hopper,company
juul labs,company
ofbusiness,company
ola electric,company
qonto,company
ro,company
royole,company
ubtech robotics,company
getblock,company
united imaging,company
zepz,company
animoca brands,company
octopus energy,company
pine labs,company
meesho,company
pleo,company
checkr,company
dataiku,company
sorare,company
magic leap,company
socure,company
vinted,company
zenefits,company
quince,company
meizu,company
outreach,company
arctic wolf networks,company
chainalysis,company
relativity space,company
ssense,company
bitpanda,company
dataminr,company
yello mobile,company
abnormal security,company
alphasense,company
branch metrics,company
browserstack,company
clubhouse,company
houzz,company
megvii,company
melio,company
next insurance,company
olive,company
patreon,company
pointclickcare,company
quintoandar,company
niantic,company
stockx,company
articulate,company
cohesity,company
noom,company
papaya global,company
sharechat,company
whoop,company
shouqi,company
coalition,company
commure,company
digit insurance,company
mirakl,company
n26,company
ownbackup,company
preferred networks,company
cars24,company
kurly,company
weride,company
youxia motors,company
moonpay,company
upstox,company
unacademy,company
plus.ai,company
starburst data,company
thumbtack,company
applyboard,company
blockstream,company
consensys,company
cybereason,company
verkada,company
eruditus,company
spoton,company
tiendanube,company
sentinelone,company
udaan,company
wildlife,company
replit,company
cmr surgical,company
traveloka,company
activecampaign,company
age learning inc.,company
automattic,company
calendly,company
contentful,company
forter,company
grafana labs,company
groww,company
hinge health,company
horizon robotics,company
lucid software,company
messagebird,company
seismic,company
sky mavis,company
souche,company
tradingview,company
aiven,company
vancl,company
veepee,company
vipkid,company
warby parker,company
wefox,company
yixia technology,company
ovo,company
workrise,company
drivewealth,company
bharatpe,company
graphcore,company
icertis,company
oaknorth,company
unionpay,company
urban company,company
bird,company
abridge,company
convoy,company
illumio,company
masterclass,company
dream games,company
daangn market,company
tridge,company
nextiva,company
tradeshift,company
odoo,company
amwins group,company
manomano,company
pendo,company
sourcegraph,company
jumpcloud,company
cato networks,company
easya,company
etoro,company
infra.market,company
drivenets,company
lenskart,company
monzo,company
ualá,company
honeybook,company
bitsight,company
exabeam,company
paxos,company
mozido,company
wemakeprice,company
headway,company
highspot,company
mpl,company
uptake,company
momo,company
algolia,company
keeptruckin,company
via transportation,company
zume,company
acorns,company
bitso,company
gympass,company
transmit security,company
addepar,company
eightfold.ai,company
payfit,company
6sense,company
c6 bank,company
mambu,company
moveworks,company
nextdoor,company
webflow,company
bkash,company
babylon health,company
bought many,company
flixmobility,company
tipalti,company
xtalpi,company
hive,company
mural,company
appsflyer,company
beijing weiying technology,company
blablacar,company
calm,company
clearco,company
clickhouse,company
clip,company
cockroach labs,company
divvy homes,company
druva,company
exotec,company
firstp2p,company
formlabs,company
huimin.cn,company
iterable,company
kry,company
meicai.cn,company
mynt,company
opay,company
oxford nanopore technologies,company
sword health,company
taopiaopiao,company
trendy international group,company
unqork,company
zerodha,company
instabase,company
zilch,company
akulaku,company
ankorstore,company
avant,company
intarcia therapeutics,company
thoughtspot,company
yinlong group,company
sanpower group,company
zigbang,company
bunq,company
coinswitch kuber,company
dfinity,company
prosper marketplace,company
musinsa,company
apus group,company
benevolentai,company
megazone,company
billdesk,company
landa digital printing,company
lightricks,company
nantomics,company
orca security,company
quora,company
radiant nuclear,company
zocdoc,company
l&p cosmetic,company
creditas,company
spinny,company
trulioo,company
advasa,company
carsome,company
dragos,company
dutchie.com,company
gve,company
harness,company
pax labs,company
taihe music group,company
vestiaire collective,company
voodoo,company
vtex,company
wave,company
workato,company
alan,company
gostudent,company
incredible health,company
hibob,company
solarisbank,company
wayflyer,company
afiniti,company
aiways,company
caocao zhuanche,company
cresta,company
clari,company
clio,company
cognite,company
homelight,company
infinidat,company
judo bank,company
nord security,company
safetyculture,company
smarthr,company
unite us,company
vanta,company
curefit,company
heartflow,company
airbyte,company
aihuishou,company
andela,company
culture amp,company
devo inc.,company
gett,company
granola,company
id.me,company
ledger,company
matillion,company
moloco,company
molbio diagnostics,company
mu sigma,company
nextsilicon,company
notco,company
podium,company
remote,company
render,company
spring rain software,company
starling bank,company
5ire,company
swvl,company
tujia.com,company
zbj.com,company
ascend money,company
hellobike,company
suning sports,company
koudai gouwu,company
m1 finance,company
zeta,company
einride,company
eucalyptus health,company
deliverect,company
away,company
onecard,company
bucketplace,company
cabify,company
chargebee,company
epidemic sound,company
fiscalnote,company
five star finance,company
gupshup,company
iad,company
netdocuments,company
panther labs inc.,company
pristyn care,company
qomplx inc.,company
rebel foods,company
stash,company
symphony,company
voyager,company
yotpo,company
ridi,company
zetwerk,company
gpclub,company
distrokid,company
etcp,company
feedzai,company
g2,company
innovaccer,company
knotel,company
konfio,company
kr space,company
yugabyte,company
cart.com,company
incode,company
applied intuition,company
bigid,company
deel,company
ezcater,company
iwjw,company
marshmallow,company
rec room,company
nexii,company
spiber,company
insider,company
mamaearth,company
merama,company
jokr,company
,company
alation,company
apotea,company
axonius,company
byton,company
cardekho,company
copado,company
dada,company
dental monitoring,company
deutsche health,company
droom,company
fair,company
firstcry,company
floqast,company
forto,company
glossier,company
intercom,company
kyriba,company
mindtickle,company
myglamm,company
triple-1,company
rohlik,company
upgrad,company
workhuman,company
sysdig,company
deputy,company
3dom alliance inc.,company
physics wallah,company
acko,company
apna,company
carousell,company
coindcx,company
purplle,company
globalbees,company
luoji siwei,company
nexthink,company
sisense,company
drools,company
smartnews,company
substack,company
trax,company
virta health,company
younited,company
benevity,company
zego,company
fawry,company
rivigo,company
aprogen,company
substrate,company
character.ai,company
pentera,company
vectorbuilder inc.,company
emplifi,company
gymshark,company
kopi kenangan,company
clara,company
classdojo,company
58 daojia,company
acronis,company
aircall,company
ajaib,company
amber group,company
appdirect,company
aqua security,company
asia first media,company
assent compliance,company
krutrim,company
beibei,company
blackbuck,company
bluecore,company
bringg,company
cadence solutions inc.,company
calabrio,company
carro,company
chubao technology,company
dt dream,company
dunamu,company
dxy,company
earnix,company
ebanx,company
empg,company
esentire,company
flash express,company
flexe,company
flutterwave,company
fractal,company
freshbooks,company
frontline education,company
fxiaoke,company
gelato,company
geocomply,company
getyourguide,company
glance,company
go1,company
gogovan,company
gorillas,company
gousto,company
blinkit,company
grover,company
grove collaborative,company
hailo,company
highradius,company
baltic classifieds group,company
flo health,company
huikedu group,company
icarbonx,company
ifood,company
igaworks,company
improbable,company
infobip,company
injective,company
inmobi,company
invision,company
ivalua,company
jollychic,company
joytunes,company
salad,company
kendra scott llc,company
kitopi,company
klook,company
lamabang,company
letsgetchecked,company
licious,company
lydia,company
lilium gmbh,company
linksure network wifi master key,company
liquid group,company
lmax group,company
locus robotics,company
loft brazil technology,company
lunar,company
loggi,company
lookout,company
madeiramadeira,company
maimai,company
masterworks,company
matrixport,company
meero,company
mensa brands,company
mia.com,company
mindmaze,company
mobikwik,company
mobilecoin,company
mobvoi,company
mofang apartment,company
moglix,company
moka,company
morning consult,company
ninja van,company
nium,company
nobroker,company
numbrs,company
kredivo,company
ocsial,company
opn synqa,company
orcam,company
pandadoc,company
pantheon systems,company
patsnap,company
perimeter 81,company
picsart,company
pipedrive,company
playco,company
printful inc,company
redis labs,company
reef technology,company
quizlet,company
revolution precrafted,company
rubicon global,company
sennder,company
shift technology,company
shippo,company
sift,company
slice,company
smartasset,company
smartmore,company
snapdeal,company
socar,company
soundhound,company
spendesk,company
splashtop,company
staffbase,company
swile,company
synthesia,company
taxfix,company
tekion,company
tenstorrent,company
tezign,company
tongdun technology,company
tractable,company
tresata,company
truelayer,company
trustly,company
turo,company
udacity,company
unisound,company
vagaro,company
vedantu,company
blibli,company
verbit,company
verse innovation,company
visier,company
volocopter,company
vox media,company
vts,company
wacai.com,company
welab,company
womai,company
xendit,company
xiaozhu.com,company
yh global,company
yidian zixun,company
yitu technology,company
yunquna,company
zenoti,company
zhaogang.com,company
zhuanzhuan,company
zuoyebang,company
efishery,company
line man wongnai,company
reliaquest,company
dana,company
nagad,company
deezer,company
ecovadis,company
scandit,company
bluevoyant,company
payhawk,company
voi,company
neo financial,company
stytch,company
epassi,company
hmd global,company
iqm,company
hostaway,company
papara,company
mnt-halan,company
grok,misc
eurovision,misc
millionaire,misc
billionaire,misc
trillionaire,misc
home,misc
north,misc
south,misc
east,misc
west,misc
one,misc
two,misc
three,misc
yes,misc
arrested,misc
arrest,misc
pardon,misc
free,misc
withdraws,misc
kills,misc
wins,misc
losses,misc
oil,misc
wti,misc
brent,misc
temperature,weather
hurricane,weather
storm,weather
tornado,weather
temp,weather
degrees,weather
heat,weather
warmest,weather
hottest,weather
coldest,weather
rain,weather
rainfall,weather
snow,weather
snowfall,weather
blizzard,weather
precipitation,weather
wind,weather
gusts,weather
humidity,weather
pressure,weather
cyclone,weather
typhoon,weather
flood,weather
drought,weather
bangkok,geography
london,geography
macau,geography
paris,geography
dubai,geography
kuala lumpur,geography
istanbul,geography
delhi,geography
antalya,geography
shenzhen,geography
mumbai,geography
phuket,geography
rome,geography
tokyo,geography
pattaya,geography
taipei,geography
mecca,geography
guangzhou,geography
prague,geography
medina,geography
seoul,geography
amsterdam,geography
agra,geography
miami,geography
osaka,geography
shanghai,geography
ho chi minh city,geography
denpasar,geography
barcelona,geography
milan,geography
chennai,geography
vienna,geography
johor bahru,geography
jaipur,geography
cancún,geography
berlin,geography
cairo,geography
athens,geography
orlando,geography
moscow,geography
venice,geography
madrid,geography
ha long,geography
riyadh,geography
dublin,geography
florence,geography
hanoi,geography
toronto,geography
johannesburg,geography
sydney,geography
munich,geography
jakarta,geography
beijing,geography
saint petersburg,geography
brussels,geography
jerusalem,geography
budapest,geography
lisbon,geography
dammam,geography
penang island,geography
heraklion,geography
kyoto,geography
zhuhai,geography
vancouver,geography
chiang mai,geography
copenhagen,geography
san francisco,geography
melbourne,geography
krakow,geography
marrakesh,geography
kolkata,geography
cebu city,geography
auckland,geography
tel aviv,geography
guilin,geography
hurghada,geography
warsaw,geography
muğla,geography
buenos aires,geography
chiba,geography
frankfurt,geography
stockholm,geography
lima,geography
da nang,geography
batam,geography
nice,geography
fukuoka,geography
abu dhabi,geography
jeju,geography
porto,geography
rhodes,geography
rio de janeiro,geography
krabi,geography
bangalore,geography
mexico city,geography
punta cana,geography
são paulo,geography
zürich,geography
montreal,geography
washington d.c.,geography
düsseldorf,geography
chengdu,geography
edinburgh,geography
san jose,geography
tehran,geography
hamburg,geography
cape town,geography
manila,geography
bogota,geography
xi'an,geography
beirut,geography
geneva,geography
colombo,geography
xiamen,geography
bucharest,geography
casablanca,geography
sofia,geography
dalian,geography
montevideo,geography
amman,geography
hangzhou,geography
pune,geography
durban,geography
dallas/fort worth,geography
accra,geography
quito,geography
tianjin,geography
qingdao,geography
lagos,geography
,geography
,geography
san antonio,geography
san diego,geography
dallas,geography
,geography
fort worth,geography
,geography
,geography
,geography
,geography
,geography
el paso,geography
,geography
memphis,geography
,geography
tucson,geography
fresno,geography
mesa,geography
colorado springs,geography
,geography
long beach,geography
oakland,geography
bakersfield,geography
tulsa,geography
tampa,geography
arlington,geography
aurora,geography
cleveland,geography
,geography
henderson,geography
,geography
anaheim,geography
lexington,geography
stockton,geography
riverside,geography
irvine,geography
corpus christi,geography
santa ana,geography
cincinnati,geography
pittsburgh,geography
greensboro,geography
jersey city,geography
durham,geography
north las vegas,geography
plano,geography
,geography
gilbert,geography
reno,geography
chandler,geography
st. louis,geography
chula vista,geography
buffalo,geography
fort wayne,geography
lubbock,geography
st. petersburg,geography
toledo,geography
laredo,geography
port st. lucie,geography
glendale,geography
irving,geography
winston-salem,geography
chesapeake,geography
garland,geography
scottsdale,geography
,geography
hialeah,geography
frisco,geography
,geography
cape coral,geography
norfolk,geography
spokane,geography
santa clarita,geography
tacoma,geography
fremont,geography
mckinney,geography
san bernardino,geography
,geography
modesto,geography
fontana,geography
moreno valley,geography
worcester,geography
yonkers,geography
fayetteville,geography
grand prairie,geography
rochester,geography
amarillo,geography
overland park,geography
,geography
,geography
mobile,geography
oxnard,geography
grand rapids,geography
peoria,geography
knoxville,geography
birmingham,geography
huntington beach,geography
brownsville,geography
chattanooga,geography
fort lauderdale,geography
tempe,geography
akron,geography
clarksville,geography
ontario,geography
newport news,geography
elk grove,geography
cary,geography
pembroke pines,geography
eugene,geography
santa rosa,geography
rancho cucamonga,geography
shreveport,geography
garden grove,geography
oceanside,geography
fort collins,geography
murfreesboro,geography
surprise,geography
lancaster,geography
denton,geography
roseville,geography
palmdale,geography
corona,geography
salinas,geography
killeen,geography
paterson,geography
alexandria,geography
hollywood,geography
hayward,geography
macon,geography
lakewood,geography
sunnyvale,geography
,geography
bellevue,geography
naperville,geography
joliet,geography
mesquite,geography
pasadena,geography
olathe,geography
escondido,geography
savannah,geography
mcallen,geography
gainesville,geography
pomona,geography
rockford,geography
thornton,geography
waco,geography
visalia,geography
syracuse,geography
midland,geography
miramar,geography
palm bay,geography
,geography
coral springs,geography
victorville,geography
elizabeth,geography
fullerton,geography
meridian,geography
torrance,geography
stamford,geography
west valley city,geography
orange,geography
cedar rapids,geography
warren,geography
hampton,geography
new,geography
kent,geography
dayton,geography
lewisville,geography
carrollton,geography
round rock,geography
sterling heights,geography
santa clara,geography
norman,geography
abilene,geography
pearland,geography
,geography
college station,geography
clovis,geography
west palm beach,geography
allentown,geography
north charleston,geography
simi valley,geography
lakeland,geography
thousand oaks,geography
vallejo,geography
ann arbor,geography
broken arrow,geography
fairfield,geography
lafayette,geography
arvada,geography
berkeley,geography
independence,geography
cambridge,geography
lowell,geography
odessa,geography
high point,geography
league city,geography
antioch,geography
richardson,geography
goodyear,geography
pompano beach,geography
nampa,geography
menifee,geography
las cruces,geography
clearwater,geography
west jordan,geography
new braunfels,geography
miami gardens,geography
waterbury,geography
provo,geography
evansville,geography
westminster,geography
elgin,geography
conroe,geography
greeley,geography
buckeye,geography
tuscaloosa,geography
allen,geography
carlsbad,geography
everett,geography
beaumont,geography
murrieta,geography
rio rancho,geography
temecula,geography
tyler,geography
davie,geography
south fulton,geography
sparks,geography
gresham,geography
santa maria,geography
pueblo,geography
hillsboro,geography
edison,geography
sugar land,geography
ventura,geography
downey,geography
costa mesa,geography
centennial,geography
edinburg,geography
spokane valley,geography
jurupa valley,geography
bend,geography
west covina,geography
boulder,geography
palm coast,geography
lee's summit,geography
dearborn,geography
green bay,geography
st. george,geography
woodbridge,geography
brockton,geography
renton,geography
sandy springs,geography
rialto,geography
el monte,geography
vacaville,geography
fishers,geography
south bend,geography
carmel,geography
yuma,geography
burbank,geography
lynn,geography
quincy,geography
el cajon,geography
suffolk,geography
san mateo,geography
chico,geography
inglewood,geography
wichita falls,geography
boca raton,geography
hesperia,geography
daly city,geography
clinton,geography
georgetown,geography
new bedford,geography
davenport,geography
plantation,geography
deltona,geography
federal way,geography
san angelo,geography
tracy,geography
sunrise,geography
stanford university,college
university california los angeles,college
university southern california,college
university texas austin,college
pennsylvania state university,college
oklahoma state university,college
university north carolina,college
university arkansas,college
louisiana state university,college
university florida,college
university california berkeley,college
university michigan,college
university oklahoma,college
university virginia,college
university oregon,college
university denver,college
university wisconsin,college
ohio state university,college
university maryland,college
university georgia,college
yale university,college
university colorado,college
university utah,college
university iowa,college
arizona state university,college
university connecticut uconn,college
indiana university,college
princeton university,college
university notre dame,college
west virginia university,college
villanova university,college
university nebraska,college
university texas el paso,college
michigan state university,college
university arizona,college
university minnesota,college
university illinois,college
university houston,college
duke university,college
university tennessee,college
cardinal,college
bruins,college
trojans,college
longhorns,college
nittany lions,college
cowboys,college
tar heels,college
razorbacks,college
tigers,college
gators,college
golden bears,college
wolverines,college
sooners,college
cavaliers,college
ducks,college
pioneers,college
badgers,college
buckeyes,college
terrapins,college
bulldogs,college
buffaloes,college
utes,college
hawkeyes,college
sun devils,college
huskies,college
hoosiers,college
fighting irish,college
mountaineers,college
wildcats,college
cornhuskers,college
miners,college
spartans,college
golden gophers,college
fighting illini,college
cougars,college
blue devils,college
volunteers,college
atlantic coast conference,college
big ten conference,college
southeastern conference,college
big 12 conference,college
summit league west coast conference 2026,college
ivy league,college
big east conference,college
conference usa mountain west conference 2026,college
thor,esports
pindapanda,esports
crimsix,esports
jjonak,esports
seagull,esports
sinatraa,esports
xqc,esports
scarlett,esports
park se-jun,esports
svenskeren,esports
dardoch,esports
aphromoo,esports
nadeshot,esports
ray rizzo,esports
jju,esports
killcreek,esports
freedom,esports
heaton,esports
ferrari_430,esports
jaedong,esports
moon,esports
dendi,esports
madfrog,esports
vo0,esports
mighty mouse,esports
av3k,esports
f0rest,esports
get right,esports
friberg,esports
xizt,esports
allu,esports
rebko,esports
huk,esports
tod,esports
mc,esports
ogre2,esports
daigo,esports
grubby,esports
bds,esports
walshy,esports
jinro,esports
fly100%,esports
fatal1ty,esports
jwong,esports
boxer,esports
flash,esports
nada,esports
infi,esports
ken,esports
hungrybox,esports
armada,esports
mango,esports
ppmd,esports
mew2king,esports
leffen,esports
isai,esports
westballz,esports
plup,esports
zero,esports
nairo,esports
pc chris,esports
zain,esports
axe,esports
ludwig,esports
glutonny,esports
marss,esports
mkleo,esports
tweek,esports
samsora,esports
supergirlkels,esports
zackray,esports
dabuz,esports
alpharad,esports
maister,esports
reginald,esports
forsen,esports
nychrisg,esports
momochi,esports
infiltration,esports
xpeke,esports
yellowstar,esports
kennys,esports
maikelele,esports
olofmeister,esports
bjergsen,esports
sneaky,esports
hai,esports
doublelift,esports
perkz,esports
rekkles,esports
fallen,esports
fear,esports
rapha,esports
admiralbulldog,esports
s4,esports
puppey,esports
zhou,esports
hao,esports
sansheng,esports
banana,esports
aui 2000,esports
ppd,esports
sumail,esports
miracle-,esports
kuroky,esports
sonicfox,esports
shroud,esports
kolento,esports
trump,esports
hafu,esports
amaz,esports
stancifka,esports
brian kibler,esports
kripparrian,esports
pavel,esports
tfue,esports
clayster,esports
attach,esports
antdavis3,esports
guardian,esports
niko,esports
karrigan,esports
scump,esports
karma,esports
aches,esports
happy,esports
tsquared,esports
ace,esports
saiyan,esports
gh057ayame,esports
zyos,esports
lil poison,esports
ogre 1,esports
savage,esports
benkert szn,esports
stork,esports
fantasy,esports
amazing,esports
impact,esports
xmithie,esports
jensen,esports
iloveoov,esports
cypher,esports
taz,esports
twistzz,esports
s1mple,esports
stewie2k,esports
dupreeh,esports
fox,esports
freakazoid,esports
missharvey,esports
xyp9x,esports
rambo,esports
kioshima,esports
ksharp,esports
n0thing,esports
dev1ce,esports
ropz,esports
zywoo,esports
sgares,esports
shahzam,esports
shox,esports
smithzz,esports
summit1g,esports
tokido,esports
n0tail,esports
fly,esports
cyanide,esports
ana,esports
boraslegend,esports
dirty mike,esports
wendelllira,esports
diego demme,esports
m_ocki,esports
julian riedel,esports
jay ajayi,esports
brent petway,esports
b0ston,esports
fuudo,esports
gamerbee,esports
mystik,esports
luffy,esports
xain,esports
kayane,esports
kazunoko,esports
nanonoko,esports
latif,esports
nuckledu,esports
hellokittyricki,esports
punk,esports
snake eyez,esports
calipower,esports
vanessa,esports
apollo,esports
gordon hayward,esports
darshan,esports
kiwikid,esports
shiphtur,esports
stixxay,esports
biofrost,esports
iamchris4life,esports
freddiewong10,esports
elky,esports
idra,esports
lucifron,esports
adrian,esports
aluka,esports
balls,esports
bdd,esports
bengi,esports
big,esports
cabochard,esports
caps,esports
diamondprox,esports
dan dinh,esports
doinb,esports
dyrus,esports
expect,esports
febiven,esports
fenix,esports
forg1ven,esports
freeze,esports
froggen,esports
bunny fufuu,esports
gamsu,esports
gbm,esports
gogoing,esports
hard,esports
hauntzer,esports
hotshotgg,esports
huhi,esports
huni,esports
alex ich,esports
imaqtpie,esports
karsa,esports
keith,esports
kobe,esports
lemonnation,esports
lourlo,esports
lustboy,esports
maple,esports
marin,esports
matt,esports
meteos,esports
misaya,esports
mithy,esports
ohq,esports
piglet,esports
quas,esports
reignover,esports
rush,esports
santorin,esports
sencux,esports
seraph,esports
smeb,esports
smoothie,esports
soaz,esports
toyz,esports
trick,esports
tyler1,esports
uzi,esports
we1less,esports
wildturtle,esports
xiaoweixiao,esports
xpecial,esports
zven,esports
geguri,esports
dafran,esports
jake,esports
ryujehong,esports
thresh,esports
sjokz,esports
sujoy,esports
cesaro,esports
nubbinsgoody,esports
arslan ash,esports
atif butt,esports
queenarrow,esports
cazcom,esports
ulsan,esports
camerica spokesperson considered one first professional gamers,esports
dallas empire,esports
new york excelsior,esports
dallas fuel,esports
sentinels,esports
gladiators legion,esports
brave star gaming,esports
sk telecom t1,esports
evil geniuses,esports
team solomid,esports
dignitas,esports
100 thieves,esports
samsung khan,esports
ninjas pyjamas,esports
natus vincere,esports
method gaming,esports
millenium,esports
heroic,esports
fnatic,esports
ence esports,esports
renegades,esports
boston uprising,esports
counter logic gaming,esports
mildom beast,esports
startale,esports
team liquid,esports
slayers,esports
vici gaming,esports
alliance,esports
cloud9,esports
golden guardians,esports
cognitive gaming valuable gaming,esports
panda global,esports
tempo storm,esports
solary,esports
t1,esports
gamewith,esports
spacestation gaming,esports
tempostorm,esports
origen,esports
psg esports coach,esports
g2 esports,esports
virtus.pro,esports
digital chaos,esports
faze clan,esports
flyquest,esports
furia esportsmibr luminostiy gaming sk gaming,esports
team secret,esports
newbee,esports
echo fox,esports
cloud9 retired,esports
nrg esports,esports
,esports
,esports
evil geniuses loan,esports
faze clan nuke squad,esports
natus vincerefaze clan,esports
team falconsg2 esports faze clan,esports
faze clanmousesports,esports
chicago huntsmen,esports
team envyus,esports
team ldlc,esports
team carbon,esports
str8 rippin,esports
optic gaming,esports
raincallers,esports
incredibles,esports
gamers first,esports
samsung galaxy,esports
dead pixels,esports
nemiga gaming,esports
faze clanteam liquid,esports
bc.gameteam liquid natus vincere,esports
astralis,esports
giants gaming,esports
complexity gaming,esports
team vitalityfaze clan mousesports,esports
team vitality,esports
og,esports
hashtag united f.c.,esports
netshoes e-sports,esports
sv wehen wiesbaden,esports
hansa rostock,esports
panathinaikos esports,esports
cygames beast,esports
avermedia,esports
team ares,esports
team razer,esports
red bull,esports
godsgarden,esports
san francisco optx,esports
hupu esports,esports
team,esports
,esports
kt rolster,esports
gambit esports,esports
funplus phoenix,esports
delta fox,esports
excel esports,esports
clutch gaming,esports
origen esports,esports
shanghai dragons,esports
supermassive,esports
go dream,esports
team envy,esports
royal never give,esports
flash wolves,esports
top esports,esports
rogue,esports
misfits gaming,esports
g-rex,esports
lgd gaming,esports
vs gaming,esports
phoenix 1,esports
atlanta reign,esports
houston outlaws,esports
seoul dynasty,esports
tribe gaming,esports
,esports
twisted minds red bull esports,esports
team falcons,esports
freecs,esports
tetris nintendo championships,esports
dota 2,esports
call duty,esports
valorant,esports
starcraft ii,esports
pokémon,esports
starcraft,esports
quake,esports
starcraft warcraft iii,esports
counter-strike,esports
defense ancients dota 2,esports
starcraft: brood war starcraft ii,esports
warcraft iii starcraft ii,esports
warcraft iii,esports
painkiller quake iii quake 4 quake champions warcraft,esports
warcraft,esports
quake series,esports
counter-strike counter-strike: global offensive,esports
counter-strike: source counter-strike: global offensive,esports
counter-strike: global offensive,esports
halo series call duty,esports
street fighter series,esports
starcraft starcraft ii,esports
halo 2 halo 3,esports
quake iii unreal tournament 2003 painkiller quake 4,esports
fighting games,esports
super smash bros. melee,esports
super smash bros. melee project m super smash bros. ultimate,esports
super smash bros. melee project,esports
super smash bros. melee project m super smash bros. wii u,esports
super smash bros. melee super smash bros. ultimate,esports
super smash bros. 64 super smash bros. melee,esports
super smash bros. wii u,esports
super smash bros. wii u super smash bros. ultimate,esports
super smash bros. ultimate,esports
super smash bros. brawl super smash bros. wii u super smash bros. ultimate,esports
starcraft ii hearthstone,esports
,esports
injustice 2 mortal kombat x dragon ball fighterz,esports
hearthstone,esports
hearthstoneworld warcraft,esports
hearthstone magic: gathering,esports
hearthstone magic: gathering diablo iii,esports
halo,esports
king fighters street fighter,esports
heroes newerth dota 2,esports
fifa,esports
nba 2k,esports
street fighter v,esports
street fighter,esports
dead alive,esports
soulcalibur v,esports
street fighter guilty gear,esports
dead alive 4,esports
league legends starcraft ii,esports
dance dance revolution guitar hero,esports
guitar hero,esports
,esports
league legends overwatch,esports
unreal tournament '99,esports
uno,esports
nes tetris,esports
tekken king fighters,esports
tekken,esports
mortal kombat xl tekken 7,esports
super smash bros. project,esports
